"ID","Peptide","Start","End","Pept_length","Epitopes_HLAI","Num_Epitopes_HLA1","Alelles_HLAI","Alelos_HLAII","Num_Alelos_HLAI","Num_Alelos_HLAII","Promiscuity"
"L","ADTFLASESRIQFLK",1762,1776,15,"DTFLASESR, DTFLASESRI, TFLASESRI, TFLASESRIQF, FLASESRIQF, FLASESRIQFL, LASESRIQF, LASESRIQFL, ASESRIQF, ASESRIQFL, ASESRIQFLK, SESRIQFL, SESRIQFLK",13,"HLA-A*33:01,HLA-A*68:01,HLA-A*68:02,HLA-A*24:02,HLA-A*23:01,HLA-A*02:04,HLA-B*15:01,HLA-C*12:03,HLA-C*16:01,HLA-A*02:01,HLA-A*02:03,HLA-A*02:06,HLA-A*02:11,HLA-A*02:17,HLA-A*02:22,HLA-A*32:01,HLA-B*35:01,HLA-B*35:05,HLA-B*35:11,HLA-B*35:43,HLA-B*53:01,HLA-B*57:01,HLA-B*58:01,HLA-C*01:02,HLA-C*03:03,HLA-C*03:04,HLA-C*05:01,HLA-C*06:02,HLA-C*07:01,HLA-C*07:02,HLA-C*08:02,HLA-C*15:02,HLA-C*15:03,HLA-C*04:01,HLA-A*11:01,HLA-B*18:01,HLA-B*40:01,HLA-B*40:02,HLA-B*40:03,HLA-B*40:04,HLA-B*44:02,HLA-B*44:03","HLA-DRB1*03:01,HLA-DRB1*04:01,HLA-DRB1*04:07,HLA-DRB1*07:01,HLA-DRB1*09:01,HLA-DRB1*11:01",42,6,48
"L","DTFLASESRIQFLKK",1763,1777,15,"DTFLASESR, DTFLASESRI, TFLASESRI, TFLASESRIQF, FLASESRIQF, FLASESRIQFL, LASESRIQF, LASESRIQFL, ASESRIQF, ASESRIQFL, ASESRIQFLK, ASESRIQFLKK, SESRIQFL, SESRIQFLK, ESRIQFLKK",15,"HLA-A*33:01,HLA-A*68:01,HLA-A*68:02,HLA-A*24:02,HLA-A*23:01,HLA-A*02:04,HLA-B*15:01,HLA-C*12:03,HLA-C*16:01,HLA-A*02:01,HLA-A*02:03,HLA-A*02:06,HLA-A*02:11,HLA-A*02:17,HLA-A*02:22,HLA-A*32:01,HLA-B*35:01,HLA-B*35:05,HLA-B*35:11,HLA-B*35:43,HLA-B*53:01,HLA-B*57:01,HLA-B*58:01,HLA-C*01:02,HLA-C*03:03,HLA-C*03:04,HLA-C*05:01,HLA-C*06:02,HLA-C*07:01,HLA-C*07:02,HLA-C*08:02,HLA-C*15:02,HLA-C*15:03,HLA-C*04:01,HLA-A*11:01,HLA-B*18:01,HLA-B*40:01,HLA-B*40:02,HLA-B*40:03,HLA-B*40:04,HLA-B*44:02,HLA-B*44:03,HLA-A*30:01","HLA-DRB1*03:01,HLA-DRB1*09:01,HLA-DRB1*13:01",43,3,46
"L","FADTFLASESRIQFL",1761,1775,15,"DTFLASESR, DTFLASESRI, TFLASESRI, TFLASESRIQF, FLASESRIQF, FLASESRIQFL, LASESRIQF, LASESRIQFL, ASESRIQF, ASESRIQFL, SESRIQFL",11,"HLA-A*33:01,HLA-A*68:01,HLA-A*68:02,HLA-A*24:02,HLA-A*23:01,HLA-A*02:04,HLA-B*15:01,HLA-C*12:03,HLA-C*16:01,HLA-A*02:01,HLA-A*02:03,HLA-A*02:06,HLA-A*02:11,HLA-A*02:17,HLA-A*02:22,HLA-A*32:01,HLA-B*35:01,HLA-B*35:05,HLA-B*35:11,HLA-B*35:43,HLA-B*53:01,HLA-B*57:01,HLA-B*58:01,HLA-C*01:02,HLA-C*03:03,HLA-C*03:04,HLA-C*05:01,HLA-C*06:02,HLA-C*07:01,HLA-C*07:02,HLA-C*08:02,HLA-C*15:02,HLA-C*15:03,HLA-C*04:01,HLA-B*18:01,HLA-B*40:01,HLA-B*40:02,HLA-B*40:03,HLA-B*40:04,HLA-B*44:02,HLA-B*44:03","HLA-DRB1*04:01,HLA-DRB1*04:07,HLA-DRB1*07:01,HLA-DRB1*09:01",41,4,45
"Gc","NLEFTAITADKIMSL",310,324,15,"LEFTAITA, LEFTAITADKI, FTAITADKI, TAITADKI, TAITADKIM, TAITADKIMSL, AITADKIMSL, ITADKIMSL, TADKIMSL",9,"HLA-B*40:02,HLA-B*40:04,HLA-A*68:02,HLA-C*15:02,HLA-C*15:03,HLA-B*51:01,HLA-B*35:01,HLA-B*35:05,HLA-B*35:11,HLA-C*03:03,HLA-C*03:04,HLA-C*12:03,HLA-C*16:01,HLA-C*01:02,HLA-A*02:04,HLA-A*02:22,HLA-A*02:01,HLA-A*02:03,HLA-A*02:06,HLA-A*02:11,HLA-A*02:17,HLA-A*26:01,HLA-A*30:01,HLA-A*32:01,HLA-B*07:02,HLA-B*08:01,HLA-B*15:01,HLA-B*52:01,HLA-B*57:01,HLA-B*58:01,HLA-C*04:01,HLA-C*05:01,HLA-C*06:02,HLA-C*07:01,HLA-C*07:02,HLA-C*08:02","HLA-DRB1*01:01,HLA-DRB1*07:01,HLA-DRB1*08:07,HLA-DRB1*09:01,HLA-DRB1*16:02,HLA-DRB3*01:01,HLA-DRB5*01:01",36,7,43
"L","LKLIHYSPAVVLRAY",1603,1617,15,"KLIHYSPAV, KLIHYSPAVV, KLIHYSPAVVL, LIHYSPAVV, IHYSPAVV, IHYSPAVVL, IHYSPAVVLRA, HYSPAVVL, HYSPAVVLR, HYSPAVVLRAY, YSPAVVLRA, YSPAVVLRAY, SPAVVLRAY",13,"HLA-A*02:01,HLA-A*02:03,HLA-A*02:04,HLA-A*02:06,HLA-A*02:11,HLA-A*02:17,HLA-A*02:22,HLA-A*32:01,HLA-B*52:01,HLA-C*15:02,HLA-C*15:03,HLA-B*39:06,HLA-B*39:05,HLA-B*39:09,HLA-C*01:02,HLA-C*06:02,HLA-C*07:01,HLA-C*07:02,HLA-C*04:01,HLA-A*31:01,HLA-A*33:01,HLA-A*68:01,HLA-A*29:02,HLA-A*30:02,HLA-A*68:02,HLA-C*12:03,HLA-B*15:01,HLA-B*35:01,HLA-B*57:01,HLA-C*16:01,HLA-B*07:02,HLA-B*35:05,HLA-B*35:11,HLA-B*35:43,HLA-B*53:01","HLA-DRB1*01:01,HLA-DRB1*04:01,HLA-DRB1*04:07,HLA-DRB1*07:01,HLA-DRB1*09:01,HLA-DRB1*15:01,HLA-DRB3*01:01,HLA-DRB3*02:02",35,8,43
"Gc","LEFTAITADKIMSLT",311,325,15,"LEFTAITA, LEFTAITADKI, FTAITADKI, TAITADKI, TAITADKIM, TAITADKIMSL, AITADKIMSL, ITADKIMSL, TADKIMSL, TADKIMSLT",10,"HLA-B*40:02,HLA-B*40:04,HLA-A*68:02,HLA-C*15:02,HLA-C*15:03,HLA-B*51:01,HLA-B*35:01,HLA-B*35:05,HLA-B*35:11,HLA-C*03:03,HLA-C*03:04,HLA-C*12:03,HLA-C*16:01,HLA-C*01:02,HLA-A*02:04,HLA-A*02:22,HLA-A*02:01,HLA-A*02:03,HLA-A*02:06,HLA-A*02:11,HLA-A*02:17,HLA-A*26:01,HLA-A*30:01,HLA-A*32:01,HLA-B*07:02,HLA-B*08:01,HLA-B*15:01,HLA-B*52:01,HLA-B*57:01,HLA-B*58:01,HLA-C*04:01,HLA-C*05:01,HLA-C*06:02,HLA-C*07:01,HLA-C*07:02,HLA-C*08:02","HLA-DRB1*01:01,HLA-DRB1*03:01,HLA-DRB1*07:01,HLA-DRB1*16:02,HLA-DRB3*01:01",36,5,41
"L","KLIHYSPAVVLRAYV",1604,1618,15,"KLIHYSPAV, KLIHYSPAVV, KLIHYSPAVVL, LIHYSPAVV, IHYSPAVV, IHYSPAVVL, IHYSPAVVLRA, HYSPAVVL, HYSPAVVLR, HYSPAVVLRAY, YSPAVVLRA, YSPAVVLRAY, SPAVVLRAY",13,"HLA-A*02:01,HLA-A*02:03,HLA-A*02:04,HLA-A*02:06,HLA-A*02:11,HLA-A*02:17,HLA-A*02:22,HLA-A*32:01,HLA-B*52:01,HLA-C*15:02,HLA-C*15:03,HLA-B*39:06,HLA-B*39:05,HLA-B*39:09,HLA-C*01:02,HLA-C*06:02,HLA-C*07:01,HLA-C*07:02,HLA-C*04:01,HLA-A*31:01,HLA-A*33:01,HLA-A*68:01,HLA-A*29:02,HLA-A*30:02,HLA-A*68:02,HLA-C*12:03,HLA-B*15:01,HLA-B*35:01,HLA-B*57:01,HLA-C*16:01,HLA-B*07:02,HLA-B*35:05,HLA-B*35:11,HLA-B*35:43,HLA-B*53:01","HLA-DRB1*04:01,HLA-DRB1*04:07,HLA-DRB1*07:01,HLA-DRB1*08:07,HLA-DRB1*09:01,HLA-DRB3*02:02",35,6,41
"Gc","TAITADKIMSLTNCY",314,328,15,"TAITADKI, TAITADKIM, TAITADKIMSL, AITADKIMSL, ITADKIMSL, TADKIMSL, TADKIMSLT, KIMSLTNCY",8,"HLA-B*51:01,HLA-B*35:01,HLA-B*35:05,HLA-B*35:11,HLA-C*03:03,HLA-C*03:04,HLA-C*12:03,HLA-C*16:01,HLA-C*01:02,HLA-C*15:02,HLA-C*15:03,HLA-A*02:04,HLA-A*02:22,HLA-A*02:01,HLA-A*02:03,HLA-A*02:06,HLA-A*02:11,HLA-A*02:17,HLA-A*26:01,HLA-A*30:01,HLA-A*32:01,HLA-A*68:02,HLA-B*07:02,HLA-B*08:01,HLA-B*15:01,HLA-B*52:01,HLA-B*57:01,HLA-B*58:01,HLA-C*04:01,HLA-C*05:01,HLA-C*06:02,HLA-C*07:01,HLA-C*07:02,HLA-C*08:02,HLA-A*03:01,HLA-A*11:01,HLA-A*29:02,HLA-A*30:02,HLA-B*15:04","HLA-DRB1*03:01",39,1,40
"L","FIKEFVSLFNIHGEP",1221,1235,15,"FIKEFVSL, FIKEFVSLF, KEFVSLFNI, KEFVSLFNIH",4,"HLA-B*08:01,HLA-C*01:02,HLA-C*03:03,HLA-C*03:04,HLA-C*12:03,HLA-C*16:01,HLA-A*02:04,HLA-A*23:01,HLA-A*24:02,HLA-A*26:01,HLA-A*29:02,HLA-A*32:01,HLA-B*15:01,HLA-B*15:04,HLA-B*35:01,HLA-B*35:05,HLA-B*35:11,HLA-B*35:43,HLA-C*06:02,HLA-C*07:01,HLA-C*07:02,HLA-C*15:03,HLA-B*40:01,HLA-B*40:02,HLA-B*40:03,HLA-B*40:04,HLA-B*44:02,HLA-B*44:03,HLA-B*52:01","HLA-DRB1*01:01,HLA-DRB1*04:01,HLA-DRB1*04:04,HLA-DRB1*04:05,HLA-DRB1*04:07,HLA-DRB1*08:07,HLA-DRB1*11:01,HLA-DRB1*14:02,HLA-DRB1*16:02",29,9,38
"Gc","KYFEPDTVNDQFNKI",51,65,15,"YFEPDTVNDQF, FEPDTVNDQF, EPDTVNDQF, DTVNDQFNK, DTVNDQFNKI, TVNDQFNKI, VNDQFNKI",7,"HLA-A*23:01,HLA-A*24:02,HLA-A*29:02,HLA-C*04:01,HLA-C*05:01,HLA-C*07:02,HLA-B*18:01,HLA-B*40:01,HLA-B*40:02,HLA-B*40:03,HLA-B*40:04,HLA-B*44:02,HLA-B*44:03,HLA-C*08:02,HLA-B*35:01,HLA-B*35:05,HLA-B*35:11,HLA-B*53:01,HLA-A*11:01,HLA-A*68:01,HLA-A*68:02,HLA-A*02:03,HLA-A*02:04,HLA-A*02:06,HLA-A*02:11,HLA-A*02:22,HLA-B*52:01,HLA-C*03:03,HLA-C*03:04,HLA-C*06:02,HLA-C*12:03,HLA-C*15:02,HLA-C*15:03,HLA-C*16:01","HLA-DRB1*03:01,HLA-DRB1*04:01,HLA-DRB3*01:01",34,3,37
"Gc","KTAFRGLTKVLIENY",166,180,15,"KTAFRGLTK, KTAFRGLTKV, TAFRGLTKV, TAFRGLTKVL, AFRGLTKVL, FRGLTKVL, FRGLTKVLI, RGLTKVLIENY, GLTKVLIENY, LTKVLIENY",10,"HLA-A*03:01,HLA-A*11:01,HLA-A*30:01,HLA-A*31:01,HLA-A*68:01,HLA-C*15:03,HLA-A*02:01,HLA-A*02:03,HLA-A*02:04,HLA-A*02:06,HLA-A*02:11,HLA-A*02:22,HLA-A*68:02,HLA-B*51:01,HLA-B*52:01,HLA-C*03:03,HLA-C*03:04,HLA-C*06:02,HLA-C*12:03,HLA-C*15:02,HLA-C*16:01,HLA-C*07:02,HLA-C*07:01,HLA-B*39:06,HLA-A*30:02,HLA-A*29:02,HLA-A*01:01,HLA-B*15:01,HLA-B*57:01,HLA-B*58:01","HLA-DRB1*08:02,HLA-DRB1*08:04,HLA-DRB1*08:07,HLA-DRB1*11:01,HLA-DRB1*12:01,HLA-DRB1*13:02,HLA-DRB1*14:02",30,7,37
"L","GETFEEFVNTILFRY",1462,1476,15,"GETFEEFVNTI, ETFEEFVNT, ETFEEFVNTI, ETFEEFVNTIL, TFEEFVNTI, TFEEFVNTIL, TFEEFVNTILF, FEEFVNTI, FEEFVNTIL, FEEFVNTILF, EEFVNTIL, EEFVNTILF, EEFVNTILFR, EEFVNTILFRY, EFVNTILFR, EFVNTILFRY, FVNTILFRY",17,"HLA-B*40:01,HLA-B*40:02,HLA-B*40:04,HLA-A*68:02,HLA-A*26:01,HLA-A*23:01,HLA-A*24:02,HLA-B*52:01,HLA-C*01:02,HLA-C*04:01,HLA-C*05:01,HLA-C*06:02,HLA-C*07:01,HLA-C*07:02,HLA-C*08:02,HLA-B*18:01,HLA-B*39:05,HLA-B*40:03,HLA-B*44:02,HLA-B*44:03,HLA-A*33:01,HLA-A*68:01,HLA-A*31:01,HLA-A*29:02,HLA-A*30:02,HLA-A*01:01,HLA-A*03:01,HLA-A*11:01,HLA-A*32:01,HLA-B*15:01,HLA-B*35:01,HLA-B*35:05,HLA-B*35:11,HLA-C*12:03,HLA-C*16:01","HLA-DRB1*15:01,HLA-DRB1*16:02",35,2,37
"Gc","EFTAITADKIMSLTN",312,326,15,"FTAITADKI, TAITADKI, TAITADKIM, TAITADKIMSL, AITADKIMSL, ITADKIMSL, TADKIMSL, TADKIMSLT",8,"HLA-A*68:02,HLA-C*15:02,HLA-C*15:03,HLA-B*51:01,HLA-B*35:01,HLA-B*35:05,HLA-B*35:11,HLA-C*03:03,HLA-C*03:04,HLA-C*12:03,HLA-C*16:01,HLA-C*01:02,HLA-A*02:04,HLA-A*02:22,HLA-A*02:01,HLA-A*02:03,HLA-A*02:06,HLA-A*02:11,HLA-A*02:17,HLA-A*26:01,HLA-A*30:01,HLA-A*32:01,HLA-B*07:02,HLA-B*08:01,HLA-B*15:01,HLA-B*52:01,HLA-B*57:01,HLA-B*58:01,HLA-C*04:01,HLA-C*05:01,HLA-C*06:02,HLA-C*07:01,HLA-C*07:02,HLA-C*08:02","HLA-DRB1*03:01,HLA-DRB3*01:01",34,2,36
"Gc","FTAITADKIMSLTNC",313,327,15,"FTAITADKI, TAITADKI, TAITADKIM, TAITADKIMSL, AITADKIMSL, ITADKIMSL, TADKIMSL, TADKIMSLT",8,"HLA-A*68:02,HLA-C*15:02,HLA-C*15:03,HLA-B*51:01,HLA-B*35:01,HLA-B*35:05,HLA-B*35:11,HLA-C*03:03,HLA-C*03:04,HLA-C*12:03,HLA-C*16:01,HLA-C*01:02,HLA-A*02:04,HLA-A*02:22,HLA-A*02:01,HLA-A*02:03,HLA-A*02:06,HLA-A*02:11,HLA-A*02:17,HLA-A*26:01,HLA-A*30:01,HLA-A*32:01,HLA-B*07:02,HLA-B*08:01,HLA-B*15:01,HLA-B*52:01,HLA-B*57:01,HLA-B*58:01,HLA-C*04:01,HLA-C*05:01,HLA-C*06:02,HLA-C*07:01,HLA-C*07:02,HLA-C*08:02","HLA-DRB1*03:01,HLA-DRB3*01:01",34,2,36
"L","NMLAVSQYNRHNTFR",513,527,15,"NMLAVSQYNR, MLAVSQYNR, VSQYNRHNTF, SQYNRHNTF, SQYNRHNTFR, QYNRHNTF, QYNRHNTFR",7,"HLA-A*31:01,HLA-A*33:01,HLA-A*68:01,HLA-B*57:01,HLA-C*16:01,HLA-A*23:01,HLA-A*24:02,HLA-A*30:02,HLA-A*32:01,HLA-B*08:01,HLA-B*15:01,HLA-B*15:04,HLA-B*18:01,HLA-B*35:01,HLA-B*35:05,HLA-B*35:11,HLA-B*39:05,HLA-B*39:06,HLA-B*39:09,HLA-B*40:02,HLA-B*40:03,HLA-B*40:04,HLA-B*44:02,HLA-B*44:03,HLA-B*52:01,HLA-C*01:02,HLA-C*03:03,HLA-C*03:04,HLA-C*06:02,HLA-C*07:01,HLA-C*07:02,HLA-C*12:03,HLA-C*15:02,HLA-C*15:03,HLA-A*03:01","HLA-DRB1*13:01",35,1,36
"L","NRSITTISTFTSSKS",824,838,15,"NRSITTIST, NRSITTISTF, RSITTISTF, TTISTFTSSK, TISTFTSSK",5,"HLA-B*39:06,HLA-C*07:01,HLA-C*07:02,HLA-A*23:01,HLA-A*24:02,HLA-A*30:02,HLA-A*32:01,HLA-B*15:01,HLA-B*15:04,HLA-B*35:01,HLA-B*35:05,HLA-B*35:11,HLA-B*53:01,HLA-B*57:01,HLA-B*58:01,HLA-C*01:02,HLA-C*03:03,HLA-C*03:04,HLA-C*06:02,HLA-C*12:03,HLA-C*15:02,HLA-C*15:03,HLA-C*16:01,HLA-A*03:01,HLA-A*11:01,HLA-A*30:01,HLA-A*68:01","HLA-DRB1*04:01,HLA-DRB1*04:03,HLA-DRB1*04:04,HLA-DRB1*04:05,HLA-DRB1*04:07,HLA-DRB1*04:11,HLA-DRB1*11:01,HLA-DRB1*15:01,HLA-DRB4*01:01",27,9,36
"L","ETFEEFVNTILFRYN",1463,1477,15,"ETFEEFVNT, ETFEEFVNTI, ETFEEFVNTIL, TFEEFVNTI, TFEEFVNTIL, TFEEFVNTILF, FEEFVNTI, FEEFVNTIL, FEEFVNTILF, EEFVNTIL, EEFVNTILF, EEFVNTILFR, EEFVNTILFRY, EFVNTILFR, EFVNTILFRY, FVNTILFRY",16,"HLA-A*68:02,HLA-A*26:01,HLA-A*23:01,HLA-A*24:02,HLA-B*52:01,HLA-C*01:02,HLA-C*04:01,HLA-C*05:01,HLA-C*06:02,HLA-C*07:01,HLA-C*07:02,HLA-C*08:02,HLA-B*18:01,HLA-B*40:02,HLA-B*40:04,HLA-B*39:05,HLA-B*40:01,HLA-B*40:03,HLA-B*44:02,HLA-B*44:03,HLA-A*33:01,HLA-A*68:01,HLA-A*31:01,HLA-A*29:02,HLA-A*30:02,HLA-A*01:01,HLA-A*03:01,HLA-A*11:01,HLA-A*32:01,HLA-B*15:01,HLA-B*35:01,HLA-B*35:05,HLA-B*35:11,HLA-C*12:03,HLA-C*16:01","HLA-DRB1*16:02",35,1,36
"L","NVDEYAITRRAHFQK",1991,2005,15,"NVDEYAITR, NVDEYAITRR, DEYAITRR, DEYAITRRA, DEYAITRRAHF, EYAITRRAHF, YAITRRAHF, AITRRAHFQK, ITRRAHFQK",9,"HLA-A*11:01,HLA-A*33:01,HLA-A*68:01,HLA-B*18:01,HLA-B*40:02,HLA-B*40:04,HLA-B*44:02,HLA-B*44:03,HLA-A*23:01,HLA-A*24:02,HLA-B*08:01,HLA-B*15:01,HLA-B*35:01,HLA-B*35:05,HLA-B*35:11,HLA-B*35:43,HLA-B*53:01,HLA-B*57:01,HLA-C*01:02,HLA-C*03:03,HLA-C*03:04,HLA-C*06:02,HLA-C*07:01,HLA-C*07:02,HLA-C*12:03,HLA-C*15:02,HLA-C*15:03,HLA-C*16:01,HLA-A*03:01,HLA-A*30:01,HLA-A*31:01","HLA-DRB1*08:02,HLA-DRB1*08:07,HLA-DRB1*11:01,HLA-DRB1*13:02,HLA-DRB1*14:02",31,5,36
"L","FNRSITTISTFTSSK",823,837,15,"FNRSITTI, NRSITTIST, NRSITTISTF, RSITTISTF, TTISTFTSSK, TISTFTSSK",6,"HLA-B*52:01,HLA-B*39:06,HLA-C*07:01,HLA-C*07:02,HLA-A*23:01,HLA-A*24:02,HLA-A*30:02,HLA-A*32:01,HLA-B*15:01,HLA-B*15:04,HLA-B*35:01,HLA-B*35:05,HLA-B*35:11,HLA-B*53:01,HLA-B*57:01,HLA-B*58:01,HLA-C*01:02,HLA-C*03:03,HLA-C*03:04,HLA-C*06:02,HLA-C*12:03,HLA-C*15:02,HLA-C*15:03,HLA-C*16:01,HLA-A*03:01,HLA-A*11:01,HLA-A*30:01,HLA-A*68:01","HLA-DRB1*04:01,HLA-DRB1*04:03,HLA-DRB1*04:04,HLA-DRB1*04:05,HLA-DRB1*04:07,HLA-DRB1*04:11,HLA-DRB1*15:01",28,7,35
"L","YEDLKQSIPDYTDYM",889,903,15,"YEDLKQSI, YEDLKQSIP, DLKQSIPDY, KQSIPDYTDY, QSIPDYTDY, SIPDYTDYM",6,"HLA-B*40:01,HLA-B*40:02,HLA-B*40:03,HLA-B*40:04,HLA-B*52:01,HLA-C*04:01,HLA-C*08:02,HLA-A*26:01,HLA-B*15:01,HLA-B*35:11,HLA-A*29:02,HLA-A*30:02,HLA-A*01:01,HLA-B*35:01,HLA-B*35:05,HLA-B*57:01,HLA-B*58:01,HLA-C*12:03,HLA-C*16:01,HLA-A*02:01,HLA-A*02:03,HLA-A*02:04,HLA-A*02:06,HLA-A*02:11,HLA-A*02:17,HLA-A*02:22,HLA-A*68:02,HLA-C*01:02,HLA-C*03:03,HLA-C*03:04,HLA-C*05:01,HLA-C*06:02,HLA-C*07:01,HLA-C*07:02","HLA-DRB4*01:01",34,1,35
"L","SEDEIRYISNTIKTL",1001,1015,15,"SEDEIRYI, SEDEIRYIS, EIRYISNTIK, IRYISNTI, IRYISNTIKTL, RYISNTIKTL, YISNTIKTL, ISNTIKTL",8,"HLA-B*40:01,HLA-B*40:02,HLA-B*40:03,HLA-B*40:04,HLA-B*44:02,HLA-B*52:01,HLA-A*68:01,HLA-B*39:06,HLA-C*06:02,HLA-C*07:01,HLA-A*23:01,HLA-A*24:02,HLA-C*07:02,HLA-A*02:01,HLA-A*02:03,HLA-A*02:04,HLA-A*02:06,HLA-A*02:11,HLA-A*02:17,HLA-A*02:22,HLA-A*32:01,HLA-B*08:01,HLA-C*01:02,HLA-C*03:03,HLA-C*03:04,HLA-C*04:01,HLA-C*05:01,HLA-C*08:02,HLA-C*12:03,HLA-C*15:02,HLA-C*15:03,HLA-C*16:01","HLA-DRB1*04:04,HLA-DRB1*14:02,HLA-DRB5*01:01",32,3,35
"L","YTSSYLHSCSMSVYK",1137,1151,15,"YTSSYLHSC, SSYLHSCSM, SSYLHSCSMSV, SYLHSCSMSVY, YLHSCSMSV, YLHSCSMSVY, YLHSCSMSVYK, LHSCSMSV, HSCSMSVY, HSCSMSVYK",10,"HLA-A*02:06,HLA-A*68:02,HLA-C*12:03,HLA-C*15:02,HLA-C*15:03,HLA-C*16:01,HLA-A*32:01,HLA-B*08:01,HLA-B*15:01,HLA-B*35:01,HLA-B*35:05,HLA-B*35:11,HLA-B*52:01,HLA-C*01:02,HLA-C*03:03,HLA-C*03:04,HLA-C*06:02,HLA-C*07:01,HLA-C*07:02,HLA-A*29:02,HLA-A*02:01,HLA-A*02:03,HLA-A*02:04,HLA-A*02:11,HLA-A*02:17,HLA-A*02:22,HLA-C*05:01,HLA-A*30:02,HLA-A*03:01,HLA-B*39:06,HLA-A*11:01,HLA-A*30:01,HLA-A*31:01,HLA-A*68:01","HLA-DRB1*07:01",34,1,35
"L","TSSYLHSCSMSVYKD",1138,1152,15,"SSYLHSCSM, SSYLHSCSMSV, SYLHSCSMSVY, YLHSCSMSV, YLHSCSMSVY, YLHSCSMSVYK, LHSCSMSV, HSCSMSVY, HSCSMSVYK",9,"HLA-A*32:01,HLA-B*08:01,HLA-B*15:01,HLA-B*35:01,HLA-B*35:05,HLA-B*35:11,HLA-B*52:01,HLA-C*01:02,HLA-C*03:03,HLA-C*03:04,HLA-C*06:02,HLA-C*07:01,HLA-C*07:02,HLA-C*12:03,HLA-C*15:02,HLA-C*15:03,HLA-C*16:01,HLA-A*29:02,HLA-A*02:01,HLA-A*02:03,HLA-A*02:04,HLA-A*02:06,HLA-A*02:11,HLA-A*02:17,HLA-A*02:22,HLA-C*05:01,HLA-A*30:02,HLA-A*03:01,HLA-B*39:06,HLA-A*11:01,HLA-A*30:01,HLA-A*31:01,HLA-A*68:01","HLA-DRB1*07:01,HLA-DRB1*09:01",33,2,35
"L","LIHYSPAVVLRAYVR",1605,1619,15,"LIHYSPAVV, IHYSPAVV, IHYSPAVVL, IHYSPAVVLRA, HYSPAVVL, HYSPAVVLR, HYSPAVVLRAY, YSPAVVLRA, YSPAVVLRAY, SPAVVLRAY, AVVLRAYVR",11,"HLA-A*02:03,HLA-B*39:06,HLA-B*52:01,HLA-B*39:05,HLA-B*39:09,HLA-C*01:02,HLA-C*06:02,HLA-C*07:01,HLA-C*07:02,HLA-C*04:01,HLA-A*31:01,HLA-A*33:01,HLA-A*68:01,HLA-A*29:02,HLA-A*30:02,HLA-A*02:06,HLA-A*68:02,HLA-C*12:03,HLA-C*15:02,HLA-C*15:03,HLA-B*15:01,HLA-B*35:01,HLA-B*57:01,HLA-C*16:01,HLA-B*07:02,HLA-B*35:05,HLA-B*35:11,HLA-B*35:43,HLA-B*53:01","HLA-DRB1*04:01,HLA-DRB1*04:07,HLA-DRB1*07:01,HLA-DRB1*08:02,HLA-DRB1*09:01,HLA-DRB1*11:01",29,6,35
"L","HKAQISSSPELELQI",1736,1750,15,"KAQISSSPEL, AQISSSPEL, AQISSSPELEL, ISSSPELEL, SSSPELEL, SSSPELELQI, SSPELELQI",7,"HLA-C*03:04,HLA-A*02:01,HLA-A*02:03,HLA-A*02:04,HLA-A*02:06,HLA-A*02:11,HLA-A*02:17,HLA-A*02:22,HLA-B*15:01,HLA-B*15:04,HLA-B*39:05,HLA-B*39:06,HLA-B*39:09,HLA-B*40:01,HLA-B*40:02,HLA-B*40:03,HLA-B*40:04,HLA-B*52:01,HLA-C*01:02,HLA-C*03:03,HLA-C*06:02,HLA-C*07:01,HLA-C*07:02,HLA-C*12:03,HLA-C*15:02,HLA-C*15:03,HLA-C*16:01,HLA-B*57:01,HLA-B*58:01,HLA-C*04:01,HLA-C*05:01,HLA-C*08:02,HLA-A*68:02,HLA-B*51:01","HLA-DRB1*09:01",34,1,35
"L","KAQISSSPELELQIA",1737,1751,15,"KAQISSSPEL, AQISSSPEL, AQISSSPELEL, ISSSPELEL, SSSPELEL, SSSPELELQI, SSPELELQI",7,"HLA-C*03:04,HLA-A*02:01,HLA-A*02:03,HLA-A*02:04,HLA-A*02:06,HLA-A*02:11,HLA-A*02:17,HLA-A*02:22,HLA-B*15:01,HLA-B*15:04,HLA-B*39:05,HLA-B*39:06,HLA-B*39:09,HLA-B*40:01,HLA-B*40:02,HLA-B*40:03,HLA-B*40:04,HLA-B*52:01,HLA-C*01:02,HLA-C*03:03,HLA-C*06:02,HLA-C*07:01,HLA-C*07:02,HLA-C*12:03,HLA-C*15:02,HLA-C*15:03,HLA-C*16:01,HLA-B*57:01,HLA-B*58:01,HLA-C*04:01,HLA-C*05:01,HLA-C*08:02,HLA-A*68:02,HLA-B*51:01","HLA-DRB1*09:01",34,1,35
"L","IQKLIKLSKSLQAMS",318,332,15,"IQKLIKLSK, KLIKLSKSL, LIKLSKSL, IKLSKSLQA, KLSKSLQAM, LSKSLQAM",6,"HLA-A*03:01,HLA-A*11:01,HLA-A*30:01,HLA-A*31:01,HLA-A*02:01,HLA-A*02:03,HLA-A*02:04,HLA-A*02:06,HLA-A*02:11,HLA-A*02:17,HLA-A*02:22,HLA-A*32:01,HLA-B*08:01,HLA-B*15:01,HLA-C*01:02,HLA-C*15:03,HLA-B*39:06,HLA-C*12:03,HLA-C*16:01","HLA-DRB1*01:01,HLA-DRB1*04:01,HLA-DRB1*04:03,HLA-DRB1*04:04,HLA-DRB1*04:07,HLA-DRB1*04:11,HLA-DRB1*07:01,HLA-DRB1*08:02,HLA-DRB1*08:04,HLA-DRB1*08:07,HLA-DRB1*11:01,HLA-DRB1*14:02,HLA-DRB1*15:01,HLA-DRB1*16:02,HLA-DRB3*02:02",19,15,34
"L","TGYISISKAFRLDKE",581,595,15,"GYISISKAF, GYISISKAFR, GYISISKAFRL, YISISKAF, YISISKAFR, YISISKAFRL, ISISKAFRL, SISKAFRLDK, ISKAFRLDK",9,"HLA-A*23:01,HLA-A*24:02,HLA-C*07:02,HLA-A*31:01,HLA-A*33:01,HLA-C*16:01,HLA-A*68:01,HLA-A*02:04,HLA-A*32:01,HLA-B*57:01,HLA-B*58:01,HLA-C*01:02,HLA-C*03:03,HLA-C*03:04,HLA-C*12:03,HLA-C*15:02,HLA-C*15:03,HLA-A*03:01,HLA-A*11:01,HLA-A*30:01","HLA-DRB1*01:01,HLA-DRB1*03:01,HLA-DRB1*07:01,HLA-DRB1*08:02,HLA-DRB1*08:07,HLA-DRB1*09:01,HLA-DRB1*11:01,HLA-DRB1*12:01,HLA-DRB1*13:02,HLA-DRB1*14:02,HLA-DRB1*15:01,HLA-DRB3*01:01,HLA-DRB3*02:02,HLA-DRB5*01:01",20,14,34
"L","MSVKVFDRLYEKITT",903,917,15,"MSVKVFDRL, MSVKVFDRLY, SVKVFDRLY, SVKVFDRLYEK, KVFDRLYEK, KVFDRLYEKI, VFDRLYEKI, DRLYEKITT",8,"HLA-A*68:02,HLA-B*52:01,HLA-B*57:01,HLA-B*58:01,HLA-C*03:03,HLA-C*03:04,HLA-C*12:03,HLA-C*15:02,HLA-C*15:03,HLA-C*16:01,HLA-A*29:02,HLA-A*30:02,HLA-A*32:01,HLA-B*15:01,HLA-A*03:01,HLA-A*11:01,HLA-A*02:04,HLA-A*30:01,HLA-A*31:01,HLA-A*33:01,HLA-A*68:01,HLA-A*02:01,HLA-A*02:03,HLA-A*02:06,HLA-A*02:11,HLA-A*02:17,HLA-A*02:22,HLA-A*23:01,HLA-A*24:02,HLA-C*04:01,HLA-C*05:01,HLA-C*08:02,HLA-B*39:06","HLA-DRB1*13:01",33,1,34
"L","SANNIIMSVKGHSQE",1574,1588,15,"SANNIIMSV, SANNIIMSVK, ANNIIMSV, ANNIIMSVK",4,"HLA-A*02:01,HLA-A*02:03,HLA-A*02:04,HLA-A*02:06,HLA-A*02:11,HLA-A*02:17,HLA-A*02:22,HLA-A*30:01,HLA-A*32:01,HLA-A*68:02,HLA-B*35:05,HLA-B*35:11,HLA-B*51:01,HLA-B*52:01,HLA-C*01:02,HLA-C*03:03,HLA-C*03:04,HLA-C*05:01,HLA-C*06:02,HLA-C*07:01,HLA-C*07:02,HLA-C*08:02,HLA-C*12:03,HLA-C*15:02,HLA-C*15:03,HLA-C*16:01,HLA-A*03:01,HLA-A*11:01,HLA-A*68:01","HLA-DRB1*03:01,HLA-DRB1*08:02,HLA-DRB1*08:04,HLA-DRB1*08:07,HLA-DRB1*11:01",29,5,34
"L","VDEYAITRRAHFQKM",1992,2006,15,"DEYAITRR, DEYAITRRA, DEYAITRRAHF, EYAITRRAHF, YAITRRAHF, AITRRAHFQK, ITRRAHFQK, TRRAHFQKM, RRAHFQKM",9,"HLA-B*18:01,HLA-B*40:02,HLA-B*40:04,HLA-B*44:02,HLA-B*44:03,HLA-A*23:01,HLA-A*24:02,HLA-B*08:01,HLA-B*15:01,HLA-B*35:01,HLA-B*35:05,HLA-B*35:11,HLA-B*35:43,HLA-B*53:01,HLA-B*57:01,HLA-C*01:02,HLA-C*03:03,HLA-C*03:04,HLA-C*06:02,HLA-C*07:01,HLA-C*07:02,HLA-C*12:03,HLA-C*15:02,HLA-C*15:03,HLA-C*16:01,HLA-A*03:01,HLA-A*11:01,HLA-A*30:01,HLA-A*31:01","HLA-DRB1*08:02,HLA-DRB1*08:07,HLA-DRB1*11:01,HLA-DRB1*13:02,HLA-DRB1*14:02",29,5,34
"N","PIKQAEFRATVVVPL",110,124,15,"KQAEFRATV, KQAEFRATVV, QAEFRATVV, AEFRATVV, AEFRATVVV, AEFRATVVVP, AEFRATVVVPL, FRATVVVPL, RATVVVPL",9,"HLA-A*02:01,HLA-A*02:03,HLA-A*02:04,HLA-A*02:06,HLA-A*02:11,HLA-A*02:17,HLA-A*02:22,HLA-A*30:01,HLA-A*32:01,HLA-B*15:01,HLA-B*15:04,HLA-B*39:06,HLA-B*40:02,HLA-B*40:03,HLA-B*40:04,HLA-B*52:01,HLA-C*06:02,HLA-C*12:03,HLA-C*15:02,HLA-C*15:03,HLA-B*51:01,HLA-C*05:01,HLA-C*16:01,HLA-B*18:01,HLA-B*40:01,HLA-B*44:02,HLA-B*44:03,HLA-B*39:05,HLA-B*39:09,HLA-C*07:01,HLA-C*07:02,HLA-C*03:03,HLA-C*03:04","HLA-DRB1*07:01",33,1,34
"L","SQGEFTMTLPWIEED",181,195,15,"SQGEFTMTL, GEFTMTLPW, GEFTMTLPWI",3,"HLA-A*02:01,HLA-A*02:03,HLA-A*02:04,HLA-A*02:06,HLA-A*02:11,HLA-A*02:17,HLA-A*02:22,HLA-A*32:01,HLA-B*15:01,HLA-B*15:04,HLA-B*39:05,HLA-B*39:06,HLA-B*39:09,HLA-B*40:01,HLA-B*40:02,HLA-B*40:03,HLA-B*40:04,HLA-B*52:01,HLA-C*01:02,HLA-C*03:03,HLA-C*03:04,HLA-C*05:01,HLA-C*06:02,HLA-C*07:01,HLA-C*07:02,HLA-C*12:03,HLA-C*15:02,HLA-C*15:03,HLA-C*16:01,HLA-B*18:01,HLA-B*44:02,HLA-B*44:03","HLA-DRB1*04:05",32,1,33
"L","DYTDYMSVKVFDRLY",898,912,15,"DYTDYMSVK, YTDYMSVKV, YTDYMSVKVF, TDYMSVKV, TDYMSVKVF, DYMSVKVFDR, YMSVKVFDR, YMSVKVFDRL, MSVKVFDRL, MSVKVFDRLY, SVKVFDRLY",11,"HLA-A*33:01,HLA-A*01:01,HLA-A*02:01,HLA-A*02:04,HLA-A*02:06,HLA-A*02:11,HLA-A*02:17,HLA-A*02:22,HLA-A*68:02,HLA-C*04:01,HLA-C*05:01,HLA-C*08:02,HLA-C*15:02,HLA-C*15:03,HLA-B*40:02,HLA-B*52:01,HLA-B*18:01,HLA-B*40:03,HLA-B*40:04,HLA-B*44:02,HLA-B*44:03,HLA-A*31:01,HLA-B*57:01,HLA-B*58:01,HLA-C*03:03,HLA-C*03:04,HLA-C*12:03,HLA-C*16:01,HLA-A*29:02,HLA-A*30:02,HLA-A*32:01,HLA-B*15:01","HLA-DRB5*01:01",32,1,33
"L","YTDYMSVKVFDRLYE",899,913,15,"YTDYMSVKV, YTDYMSVKVF, TDYMSVKV, TDYMSVKVF, DYMSVKVFDR, YMSVKVFDR, YMSVKVFDRL, MSVKVFDRL, MSVKVFDRLY, SVKVFDRLY",10,"HLA-A*01:01,HLA-A*02:01,HLA-A*02:04,HLA-A*02:06,HLA-A*02:11,HLA-A*02:17,HLA-A*02:22,HLA-A*68:02,HLA-C*04:01,HLA-C*05:01,HLA-C*08:02,HLA-C*15:02,HLA-C*15:03,HLA-B*40:02,HLA-B*52:01,HLA-B*18:01,HLA-B*40:03,HLA-B*40:04,HLA-B*44:02,HLA-B*44:03,HLA-A*31:01,HLA-A*33:01,HLA-B*57:01,HLA-B*58:01,HLA-C*03:03,HLA-C*03:04,HLA-C*12:03,HLA-C*16:01,HLA-A*29:02,HLA-A*30:02,HLA-A*32:01,HLA-B*15:01","HLA-DRB5*01:01",32,1,33
"L","DYMSVKVFDRLYEKI",901,915,15,"DYMSVKVFDR, YMSVKVFDR, YMSVKVFDRL, MSVKVFDRL, MSVKVFDRLY, SVKVFDRLY, SVKVFDRLYEK, KVFDRLYEK, KVFDRLYEKI, VFDRLYEKI",10,"HLA-A*31:01,HLA-A*33:01,HLA-A*02:04,HLA-A*02:22,HLA-A*68:02,HLA-B*52:01,HLA-B*57:01,HLA-B*58:01,HLA-C*03:03,HLA-C*03:04,HLA-C*12:03,HLA-C*15:02,HLA-C*15:03,HLA-C*16:01,HLA-A*29:02,HLA-A*30:02,HLA-A*32:01,HLA-B*15:01,HLA-A*03:01,HLA-A*11:01,HLA-A*30:01,HLA-A*68:01,HLA-A*02:01,HLA-A*02:03,HLA-A*02:06,HLA-A*02:11,HLA-A*02:17,HLA-A*23:01,HLA-A*24:02,HLA-C*04:01,HLA-C*05:01,HLA-C*08:02","HLA-DRB1*13:01",32,1,33
"L","YMSVKVFDRLYEKIT",902,916,15,"YMSVKVFDR, YMSVKVFDRL, MSVKVFDRL, MSVKVFDRLY, SVKVFDRLY, SVKVFDRLYEK, KVFDRLYEK, KVFDRLYEKI, VFDRLYEKI",9,"HLA-A*31:01,HLA-A*33:01,HLA-A*02:04,HLA-A*02:22,HLA-A*68:02,HLA-B*52:01,HLA-B*57:01,HLA-B*58:01,HLA-C*03:03,HLA-C*03:04,HLA-C*12:03,HLA-C*15:02,HLA-C*15:03,HLA-C*16:01,HLA-A*29:02,HLA-A*30:02,HLA-A*32:01,HLA-B*15:01,HLA-A*03:01,HLA-A*11:01,HLA-A*30:01,HLA-A*68:01,HLA-A*02:01,HLA-A*02:03,HLA-A*02:06,HLA-A*02:11,HLA-A*02:17,HLA-A*23:01,HLA-A*24:02,HLA-C*04:01,HLA-C*05:01,HLA-C*08:02","HLA-DRB1*13:01",32,1,33
"L","EDEIRYISNTIKTLG",1002,1016,15,"EIRYISNTIK, IRYISNTI, IRYISNTIKTL, RYISNTIKTL, YISNTIKTL, ISNTIKTL",6,"HLA-A*68:01,HLA-B*39:06,HLA-B*52:01,HLA-C*06:02,HLA-C*07:01,HLA-A*23:01,HLA-A*24:02,HLA-C*07:02,HLA-A*02:01,HLA-A*02:03,HLA-A*02:04,HLA-A*02:06,HLA-A*02:11,HLA-A*02:17,HLA-A*02:22,HLA-A*32:01,HLA-B*08:01,HLA-C*01:02,HLA-C*03:03,HLA-C*03:04,HLA-C*04:01,HLA-C*05:01,HLA-C*08:02,HLA-C*12:03,HLA-C*15:02,HLA-C*15:03,HLA-C*16:01","HLA-DRB1*04:03,HLA-DRB1*04:04,HLA-DRB1*04:11,HLA-DRB1*14:02,HLA-DRB3*02:02,HLA-DRB5*01:01",27,6,33
"L","EIRYISNTIKTLGNA",1004,1018,15,"EIRYISNTIK, IRYISNTI, IRYISNTIKTL, RYISNTIKTL, YISNTIKTL, ISNTIKTL, NTIKTLGNA",7,"HLA-A*68:01,HLA-B*39:06,HLA-B*52:01,HLA-C*06:02,HLA-C*07:01,HLA-A*23:01,HLA-A*24:02,HLA-C*07:02,HLA-A*02:01,HLA-A*02:03,HLA-A*02:04,HLA-A*02:06,HLA-A*02:11,HLA-A*02:17,HLA-A*02:22,HLA-A*32:01,HLA-B*08:01,HLA-C*01:02,HLA-C*03:03,HLA-C*03:04,HLA-C*04:01,HLA-C*05:01,HLA-C*08:02,HLA-C*12:03,HLA-C*15:02,HLA-C*15:03,HLA-C*16:01,HLA-A*68:02","HLA-DRB1*11:01,HLA-DRB1*13:02,HLA-DRB1*14:02,HLA-DRB3*01:01,HLA-DRB3*02:02",28,5,33
"L","IHGEPFSIYGRFLLT",1231,1245,15,"IHGEPFSI, IHGEPFSIY, HGEPFSIYGR, GEPFSIYGRF, GEPFSIYGRFL, EPFSIYGRF, FSIYGRFL, FSIYGRFLL, SIYGRFLLT",9,"HLA-B*39:05,HLA-B*39:06,HLA-B*39:09,HLA-A*29:02,HLA-C*07:01,HLA-C*07:02,HLA-A*33:01,HLA-B*40:03,HLA-B*40:04,HLA-B*44:02,HLA-B*44:03,HLA-B*40:02,HLA-B*35:01,HLA-B*35:05,HLA-B*35:11,HLA-B*53:01,HLA-C*01:02,HLA-C*03:03,HLA-C*03:04,HLA-C*12:03,HLA-C*15:02,HLA-C*15:03,HLA-C*16:01,HLA-A*02:06,HLA-A*02:17,HLA-A*68:02,HLA-B*57:01,HLA-B*58:01,HLA-C*06:02,HLA-A*02:03,HLA-A*02:04,HLA-A*02:11","HLA-DRB1*13:02",32,1,33
"L","ACKMPEVRSLKLIHY",1594,1608,15,"CKMPEVRSL, KMPEVRSL, KMPEVRSLK, KMPEVRSLKL, MPEVRSLKL, EVRSLKLIHY, VRSLKLIHY, RSLKLIHY",8,"HLA-C*06:02,HLA-C*07:01,HLA-C*07:02,HLA-C*01:02,HLA-A*03:01,HLA-A*11:01,HLA-A*30:01,HLA-A*31:01,HLA-A*02:01,HLA-A*02:03,HLA-A*02:04,HLA-A*02:06,HLA-A*02:11,HLA-A*02:17,HLA-A*02:22,HLA-A*32:01,HLA-B*07:02,HLA-B*08:01,HLA-B*35:01,HLA-B*35:05,HLA-B*35:11,HLA-B*35:12,HLA-B*51:01,HLA-B*51:04,HLA-B*53:01,HLA-C*04:01,HLA-C*05:01,HLA-C*08:02,HLA-A*26:01,HLA-A*30:02,HLA-B*57:01,HLA-C*16:01","HLA-DRB1*12:01",32,1,33
"L","CKMPEVRSLKLIHYS",1595,1609,15,"CKMPEVRSL, KMPEVRSL, KMPEVRSLK, KMPEVRSLKL, MPEVRSLKL, EVRSLKLIHY, VRSLKLIHY, RSLKLIHY",8,"HLA-C*06:02,HLA-C*07:01,HLA-C*07:02,HLA-C*01:02,HLA-A*03:01,HLA-A*11:01,HLA-A*30:01,HLA-A*31:01,HLA-A*02:01,HLA-A*02:03,HLA-A*02:04,HLA-A*02:06,HLA-A*02:11,HLA-A*02:17,HLA-A*02:22,HLA-A*32:01,HLA-B*07:02,HLA-B*08:01,HLA-B*35:01,HLA-B*35:05,HLA-B*35:11,HLA-B*35:12,HLA-B*51:01,HLA-B*51:04,HLA-B*53:01,HLA-C*04:01,HLA-C*05:01,HLA-C*08:02,HLA-A*26:01,HLA-A*30:02,HLA-B*57:01,HLA-C*16:01","HLA-DRB1*12:01",32,1,33
"L","KMPEVRSLKLIHYSP",1596,1610,15,"KMPEVRSL, KMPEVRSLK, KMPEVRSLKL, MPEVRSLKL, EVRSLKLIHY, VRSLKLIHY, RSLKLIHY",7,"HLA-C*01:02,HLA-C*06:02,HLA-A*03:01,HLA-A*11:01,HLA-A*30:01,HLA-A*31:01,HLA-A*02:01,HLA-A*02:03,HLA-A*02:04,HLA-A*02:06,HLA-A*02:11,HLA-A*02:17,HLA-A*02:22,HLA-A*32:01,HLA-B*07:02,HLA-B*08:01,HLA-B*35:01,HLA-B*35:05,HLA-B*35:11,HLA-B*35:12,HLA-B*51:01,HLA-B*51:04,HLA-B*53:01,HLA-C*04:01,HLA-C*05:01,HLA-C*08:02,HLA-A*26:01,HLA-A*30:02,HLA-C*07:01,HLA-C*07:02,HLA-B*57:01,HLA-C*16:01","HLA-DRB1*12:01",32,1,33
"L","DEYAITRRAHFQKMP",1993,2007,15,"DEYAITRR, DEYAITRRA, DEYAITRRAHF, EYAITRRAHF, YAITRRAHF, AITRRAHFQK, ITRRAHFQK, TRRAHFQKM, RRAHFQKM",9,"HLA-B*18:01,HLA-B*40:02,HLA-B*40:04,HLA-B*44:02,HLA-B*44:03,HLA-A*23:01,HLA-A*24:02,HLA-B*08:01,HLA-B*15:01,HLA-B*35:01,HLA-B*35:05,HLA-B*35:11,HLA-B*35:43,HLA-B*53:01,HLA-B*57:01,HLA-C*01:02,HLA-C*03:03,HLA-C*03:04,HLA-C*06:02,HLA-C*07:01,HLA-C*07:02,HLA-C*12:03,HLA-C*15:02,HLA-C*15:03,HLA-C*16:01,HLA-A*03:01,HLA-A*11:01,HLA-A*30:01,HLA-A*31:01","HLA-DRB1*08:02,HLA-DRB1*08:07,HLA-DRB1*11:01,HLA-DRB1*14:02",29,4,33
"Gc","KLSASFQNTQTNQLP",630,644,15,"ASFQNTQTNQL, FQNTQTNQL",2,"HLA-B*57:01,HLA-C*03:03,HLA-C*03:04,HLA-C*15:02,HLA-A*02:01,HLA-A*02:03,HLA-A*02:04,HLA-A*02:06,HLA-A*02:11,HLA-A*02:17,HLA-A*02:22,HLA-B*08:01,HLA-B*15:01,HLA-B*15:04,HLA-B*39:05,HLA-B*39:06,HLA-B*39:09,HLA-B*40:02,HLA-B*40:03,HLA-B*40:04,HLA-B*52:01,HLA-C*01:02,HLA-C*04:01,HLA-C*05:01,HLA-C*06:02,HLA-C*07:01,HLA-C*07:02,HLA-C*08:02,HLA-C*12:03,HLA-C*15:03,HLA-C*16:01","HLA-DRB1*07:01",31,1,32
"L","YIIDFKVSVDDRSSR",87,101,15,"YIIDFKVSV, IIDFKVSV, DFKVSVDDR, KVSVDDRSSR, VSVDDRSSR",5,"HLA-A*02:01,HLA-A*02:03,HLA-A*02:04,HLA-A*02:06,HLA-A*02:11,HLA-A*02:17,HLA-A*02:22,HLA-A*68:02,HLA-B*52:01,HLA-C*01:02,HLA-C*03:03,HLA-C*03:04,HLA-C*05:01,HLA-C*06:02,HLA-C*07:02,HLA-C*08:02,HLA-C*12:03,HLA-C*15:02,HLA-C*15:03,HLA-C*16:01,HLA-C*04:01,HLA-A*33:01,HLA-A*31:01,HLA-A*68:01","HLA-DRB1*03:01,HLA-DRB1*04:01,HLA-DRB1*04:03,HLA-DRB1*04:05,HLA-DRB1*04:07,HLA-DRB1*04:11,HLA-DRB3*02:02,HLA-DRB4*01:01",24,8,32
"L","DEIRYISNTIKTLGN",1003,1017,15,"EIRYISNTIK, IRYISNTI, IRYISNTIKTL, RYISNTIKTL, YISNTIKTL, ISNTIKTL",6,"HLA-A*68:01,HLA-B*39:06,HLA-B*52:01,HLA-C*06:02,HLA-C*07:01,HLA-A*23:01,HLA-A*24:02,HLA-C*07:02,HLA-A*02:01,HLA-A*02:03,HLA-A*02:04,HLA-A*02:06,HLA-A*02:11,HLA-A*02:17,HLA-A*02:22,HLA-A*32:01,HLA-B*08:01,HLA-C*01:02,HLA-C*03:03,HLA-C*03:04,HLA-C*04:01,HLA-C*05:01,HLA-C*08:02,HLA-C*12:03,HLA-C*15:02,HLA-C*15:03,HLA-C*16:01","HLA-DRB1*13:02,HLA-DRB1*14:02,HLA-DRB3*01:01,HLA-DRB3*02:02,HLA-DRB5*01:01",27,5,32
"L","VPYSNDIIGLMTNNY",1105,1119,15,"VPYSNDII, VPYSNDIIGL, VPYSNDIIGLM, PYSNDIIGL, PYSNDIIGLM, YSNDIIGL, YSNDIIGLM, SNDIIGLM, DIIGLMTNNY, IIGLMTNNY",10,"HLA-B*51:01,HLA-B*07:02,HLA-B*35:01,HLA-B*35:05,HLA-B*35:12,HLA-B*53:01,HLA-B*35:11,HLA-A*23:01,HLA-A*24:02,HLA-C*03:03,HLA-C*03:04,HLA-C*05:01,HLA-C*08:02,HLA-C*12:03,HLA-C*15:02,HLA-C*15:03,HLA-C*16:01,HLA-A*01:01,HLA-A*02:06,HLA-A*26:01,HLA-A*68:02,HLA-B*57:01,HLA-B*58:01,HLA-C*01:02,HLA-C*04:01,HLA-C*06:02,HLA-C*07:01,HLA-C*07:02,HLA-A*29:02,HLA-A*30:02,HLA-B*15:01","HLA-DRB3*01:01",31,1,32
"L","YSNDIIGLMTNNYRS",1107,1121,15,"YSNDIIGL, YSNDIIGLM, SNDIIGLM, DIIGLMTNNY, DIIGLMTNNYR, IIGLMTNNY, IGLMTNNYR",7,"HLA-C*03:03,HLA-C*03:04,HLA-C*05:01,HLA-C*08:02,HLA-C*12:03,HLA-C*15:02,HLA-C*15:03,HLA-C*16:01,HLA-A*01:01,HLA-A*02:06,HLA-A*26:01,HLA-A*68:02,HLA-B*35:01,HLA-B*35:05,HLA-B*35:11,HLA-B*57:01,HLA-B*58:01,HLA-C*01:02,HLA-C*04:01,HLA-C*06:02,HLA-C*07:01,HLA-C*07:02,HLA-A*33:01,HLA-A*68:01,HLA-A*29:02,HLA-A*30:02,HLA-B*15:01,HLA-A*31:01","HLA-DRB1*12:01,HLA-DRB1*13:01,HLA-DRB1*14:02,HLA-DRB5*01:01",28,4,32
"L","TNFIKEFVSLFNIHG",1219,1233,15,"NFIKEFVSL, NFIKEFVSLF, FIKEFVSL, FIKEFVSLF, KEFVSLFNI, KEFVSLFNIH",6,"HLA-A*23:01,HLA-A*24:02,HLA-B*08:01,HLA-C*01:02,HLA-C*04:01,HLA-C*06:02,HLA-C*07:01,HLA-C*07:02,HLA-C*03:03,HLA-C*03:04,HLA-C*12:03,HLA-C*16:01,HLA-A*02:04,HLA-A*26:01,HLA-A*29:02,HLA-A*32:01,HLA-B*15:01,HLA-B*15:04,HLA-B*35:01,HLA-B*35:05,HLA-B*35:11,HLA-B*35:43,HLA-C*15:03,HLA-B*40:01,HLA-B*40:02,HLA-B*40:03,HLA-B*40:04,HLA-B*44:02,HLA-B*44:03,HLA-B*52:01","HLA-DRB1*04:05,HLA-DRB1*16:02",30,2,32
"L","NFIKEFVSLFNIHGE",1220,1234,15,"NFIKEFVSL, NFIKEFVSLF, FIKEFVSL, FIKEFVSLF, KEFVSLFNI, KEFVSLFNIH",6,"HLA-A*23:01,HLA-A*24:02,HLA-B*08:01,HLA-C*01:02,HLA-C*04:01,HLA-C*06:02,HLA-C*07:01,HLA-C*07:02,HLA-C*03:03,HLA-C*03:04,HLA-C*12:03,HLA-C*16:01,HLA-A*02:04,HLA-A*26:01,HLA-A*29:02,HLA-A*32:01,HLA-B*15:01,HLA-B*15:04,HLA-B*35:01,HLA-B*35:05,HLA-B*35:11,HLA-B*35:43,HLA-C*15:03,HLA-B*40:01,HLA-B*40:02,HLA-B*40:03,HLA-B*40:04,HLA-B*44:02,HLA-B*44:03,HLA-B*52:01","HLA-DRB1*04:05,HLA-DRB1*11:01",30,2,32
"Gc","QLFDIVIFVKKAVYK",503,517,15,"QLFDIVIFV, QLFDIVIFVK, QLFDIVIFVKK, LFDIVIFV, IVIFVKKAV, VIFVKKAVY, VIFVKKAVYK, IFVKKAVYK",8,"HLA-A*02:01,HLA-A*02:03,HLA-A*02:04,HLA-A*02:06,HLA-A*02:11,HLA-A*02:17,HLA-A*02:22,HLA-A*32:01,HLA-A*68:02,HLA-B*52:01,HLA-C*05:01,HLA-C*12:03,HLA-C*15:02,HLA-C*15:03,HLA-A*03:01,HLA-A*11:01,HLA-A*68:01,HLA-C*04:01,HLA-A*29:02,HLA-A*30:02,HLA-B*15:01,HLA-C*16:01,HLA-A*30:01,HLA-A*31:01","HLA-DRB1*08:04,HLA-DRB1*08:07,HLA-DRB1*11:01,HLA-DRB1*12:01,HLA-DRB1*13:01,HLA-DRB1*13:02,HLA-DRB1*14:02",24,7,31
"L","QKLIKLSKSLQAMSG",319,333,15,"KLIKLSKSL, LIKLSKSL, IKLSKSLQA, KLSKSLQAM, LSKSLQAM",5,"HLA-A*02:01,HLA-A*02:03,HLA-A*02:04,HLA-A*02:06,HLA-A*02:11,HLA-A*02:17,HLA-A*02:22,HLA-A*32:01,HLA-B*08:01,HLA-B*15:01,HLA-C*01:02,HLA-C*15:03,HLA-B*39:06,HLA-C*12:03,HLA-C*16:01","HLA-DRB1*01:01,HLA-DRB1*04:01,HLA-DRB1*04:03,HLA-DRB1*04:04,HLA-DRB1*04:07,HLA-DRB1*04:11,HLA-DRB1*07:01,HLA-DRB1*08:02,HLA-DRB1*08:04,HLA-DRB1*09:01,HLA-DRB1*11:01,HLA-DRB1*13:01,HLA-DRB1*15:01,HLA-DRB1*16:02,HLA-DRB3*02:02,HLA-DRB4*01:01",15,16,31
"L","RCQRIVSSPGLFLMT",596,610,15,"QRIVSSPGL, QRIVSSPGLF, QRIVSSPGLFL, RIVSSPGLF, RIVSSPGLFL, RIVSSPGLFLM, IVSSPGLFL, IVSSPGLFLM, VSSPGLFL, VSSPGLFLM",10,"HLA-B*39:05,HLA-B*39:06,HLA-B*39:09,HLA-C*06:02,HLA-C*07:01,HLA-C*07:02,HLA-A*24:02,HLA-A*29:02,HLA-A*30:02,HLA-A*32:01,HLA-B*15:01,HLA-C*15:02,HLA-C*15:03,HLA-A*02:03,HLA-A*02:04,HLA-A*02:06,HLA-A*02:11,HLA-A*02:17,HLA-A*02:22,HLA-A*68:02,HLA-B*52:01,HLA-C*01:02,HLA-C*03:03,HLA-C*03:04,HLA-C*05:01,HLA-C*08:02,HLA-C*12:03,HLA-C*16:01,HLA-B*57:01,HLA-B*58:01","HLA-DRB1*07:01",30,1,31
"L","CQRIVSSPGLFLMTS",597,611,15,"QRIVSSPGL, QRIVSSPGLF, QRIVSSPGLFL, RIVSSPGLF, RIVSSPGLFL, RIVSSPGLFLM, IVSSPGLFL, IVSSPGLFLM, VSSPGLFL, VSSPGLFLM",10,"HLA-B*39:05,HLA-B*39:06,HLA-B*39:09,HLA-C*06:02,HLA-C*07:01,HLA-C*07:02,HLA-A*24:02,HLA-A*29:02,HLA-A*30:02,HLA-A*32:01,HLA-B*15:01,HLA-C*15:02,HLA-C*15:03,HLA-A*02:03,HLA-A*02:04,HLA-A*02:06,HLA-A*02:11,HLA-A*02:17,HLA-A*02:22,HLA-A*68:02,HLA-B*52:01,HLA-C*01:02,HLA-C*03:03,HLA-C*03:04,HLA-C*05:01,HLA-C*08:02,HLA-C*12:03,HLA-C*16:01,HLA-B*57:01,HLA-B*58:01","HLA-DRB1*07:01",30,1,31
"L","YISEKFSPYTKTSFS",665,679,15,"YISEKFSPY, YISEKFSPYTK, ISEKFSPY, ISEKFSPYTK, SEKFSPYTK, KFSPYTKTSF, FSPYTKTSF, SPYTKTSF",8,"HLA-A*01:01,HLA-A*26:01,HLA-A*29:02,HLA-A*30:02,HLA-A*32:01,HLA-B*15:01,HLA-B*15:04,HLA-B*35:01,HLA-B*35:05,HLA-B*35:11,HLA-B*35:43,HLA-C*03:03,HLA-C*03:04,HLA-C*07:01,HLA-C*07:02,HLA-C*12:03,HLA-C*16:01,HLA-A*11:01,HLA-B*40:03,HLA-A*23:01,HLA-A*24:02,HLA-B*58:01,HLA-C*01:02,HLA-C*05:01,HLA-C*06:02,HLA-C*08:02,HLA-C*15:02,HLA-C*15:03,HLA-B*07:02,HLA-B*08:01","HLA-DRB1*13:02",30,1,31
"L","RSITTISTFTSSKSC",825,839,15,"RSITTISTF, TTISTFTSSK, TISTFTSSK",3,"HLA-A*23:01,HLA-A*24:02,HLA-A*30:02,HLA-A*32:01,HLA-B*15:01,HLA-B*15:04,HLA-B*35:01,HLA-B*35:05,HLA-B*35:11,HLA-B*53:01,HLA-B*57:01,HLA-B*58:01,HLA-C*01:02,HLA-C*03:03,HLA-C*03:04,HLA-C*06:02,HLA-C*07:01,HLA-C*07:02,HLA-C*12:03,HLA-C*15:02,HLA-C*15:03,HLA-C*16:01,HLA-A*03:01,HLA-A*11:01,HLA-A*30:01,HLA-A*68:01","HLA-DRB1*04:01,HLA-DRB1*04:03,HLA-DRB1*04:04,HLA-DRB1*04:07,HLA-DRB1*15:01",26,5,31
"L","PYSNDIIGLMTNNYR",1106,1120,15,"PYSNDIIGL, PYSNDIIGLM, YSNDIIGL, YSNDIIGLM, SNDIIGLM, DIIGLMTNNY, DIIGLMTNNYR, IIGLMTNNY, IGLMTNNYR",9,"HLA-A*23:01,HLA-A*24:02,HLA-C*03:03,HLA-C*03:04,HLA-C*05:01,HLA-C*08:02,HLA-C*12:03,HLA-C*15:02,HLA-C*15:03,HLA-C*16:01,HLA-A*01:01,HLA-A*02:06,HLA-A*26:01,HLA-A*68:02,HLA-B*35:01,HLA-B*35:05,HLA-B*35:11,HLA-B*57:01,HLA-B*58:01,HLA-C*01:02,HLA-C*04:01,HLA-C*06:02,HLA-C*07:01,HLA-C*07:02,HLA-A*33:01,HLA-A*68:01,HLA-A*29:02,HLA-A*30:02,HLA-B*15:01,HLA-A*31:01","HLA-DRB1*12:01",30,1,31
"L","NVTFLTNIARKLSSP",1340,1354,15,"NVTFLTNIA, NVTFLTNIAR, NVTFLTNIARK, VTFLTNIAR, VTFLTNIARK, TFLTNIARK, FLTNIARKL, LTNIARKL",8,"HLA-A*68:02,HLA-A*33:01,HLA-A*68:01,HLA-A*03:01,HLA-A*11:01,HLA-A*30:01,HLA-A*31:01,HLA-A*02:01,HLA-A*02:03,HLA-A*02:04,HLA-A*02:06,HLA-A*02:11,HLA-A*02:17,HLA-A*02:22,HLA-C*01:02,HLA-C*03:03,HLA-C*03:04,HLA-C*05:01,HLA-C*06:02,HLA-C*07:02,HLA-C*12:03,HLA-C*15:02,HLA-C*15:03,HLA-C*16:01","HLA-DRB1*01:01,HLA-DRB1*07:01,HLA-DRB1*08:02,HLA-DRB1*08:04,HLA-DRB1*11:01,HLA-DRB1*13:01,HLA-DRB3*02:02",24,7,31
"L","VTFLTNIARKLSSPI",1341,1355,15,"VTFLTNIAR, VTFLTNIARK, TFLTNIARK, FLTNIARKL, LTNIARKL, IARKLSSPI",6,"HLA-A*03:01,HLA-A*11:01,HLA-A*30:01,HLA-A*31:01,HLA-A*33:01,HLA-A*68:01,HLA-A*02:01,HLA-A*02:03,HLA-A*02:04,HLA-A*02:06,HLA-A*02:11,HLA-A*02:17,HLA-A*02:22,HLA-C*01:02,HLA-C*03:03,HLA-C*03:04,HLA-C*05:01,HLA-C*06:02,HLA-C*07:02,HLA-C*12:03,HLA-C*15:02,HLA-C*15:03,HLA-C*16:01,HLA-B*07:02,HLA-B*51:01,HLA-B*52:01","HLA-DRB1*08:02,HLA-DRB1*08:04,HLA-DRB1*11:01,HLA-DRB1*13:01,HLA-DRB3*02:02",26,5,31
"L","KESLSIQNPAQLFIE",1482,1496,15,"KESLSIQNP, ESLSIQNPA, SLSIQNPAQL, LSIQNPAQL, LSIQNPAQLF, LSIQNPAQLFI, SIQNPAQL, SIQNPAQLF, IQNPAQLF, IQNPAQLFI",10,"HLA-B*40:02,HLA-B*40:04,HLA-A*68:02,HLA-A*02:03,HLA-A*02:04,HLA-A*02:22,HLA-C*01:02,HLA-B*52:01,HLA-B*57:01,HLA-B*58:01,HLA-C*03:03,HLA-C*03:04,HLA-C*05:01,HLA-C*06:02,HLA-C*08:02,HLA-C*12:03,HLA-C*15:02,HLA-C*15:03,HLA-C*16:01,HLA-A*29:02,HLA-A*32:01,HLA-B*15:01,HLA-B*40:03,HLA-C*07:02,HLA-A*02:01,HLA-A*02:06,HLA-A*02:11,HLA-A*02:17,HLA-C*07:01","HLA-DRB1*01:01,HLA-DRB4*01:01",29,2,31
"L","FVESYVQIVDDLSNL",1536,1550,15,"FVESYVQI, FVESYVQIV, VESYVQIV, VESYVQIVDDL, SYVQIVDDL, VQIVDDLSNL, QIVDDLSNL, IVDDLSNL",8,"HLA-C*05:01,HLA-A*02:01,HLA-A*02:03,HLA-A*02:04,HLA-A*02:06,HLA-A*02:11,HLA-A*02:17,HLA-A*02:22,HLA-A*68:02,HLA-C*03:03,HLA-C*03:04,HLA-C*08:02,HLA-C*12:03,HLA-C*15:02,HLA-C*15:03,HLA-B*40:02,HLA-B*40:03,HLA-B*40:04,HLA-B*52:01,HLA-A*23:01,HLA-A*24:02,HLA-C*04:01,HLA-C*07:02,HLA-A*26:01,HLA-C*01:02","HLA-DRB1*04:01,HLA-DRB1*04:04,HLA-DRB1*04:05,HLA-DRB1*04:07,HLA-DRB1*04:11,HLA-DRB4*01:01",25,6,31
"L","IHYSPAVVLRAYVRG",1606,1620,15,"IHYSPAVV, IHYSPAVVL, IHYSPAVVLRA, HYSPAVVL, HYSPAVVLR, HYSPAVVLRAY, YSPAVVLRA, YSPAVVLRAY, SPAVVLRAY, AVVLRAYVR",10,"HLA-B*39:06,HLA-B*52:01,HLA-B*39:05,HLA-B*39:09,HLA-C*01:02,HLA-C*06:02,HLA-C*07:01,HLA-C*07:02,HLA-C*04:01,HLA-A*31:01,HLA-A*33:01,HLA-A*68:01,HLA-A*29:02,HLA-A*30:02,HLA-A*02:06,HLA-A*68:02,HLA-C*12:03,HLA-C*15:02,HLA-C*15:03,HLA-B*15:01,HLA-B*35:01,HLA-B*57:01,HLA-C*16:01,HLA-B*07:02,HLA-B*35:05,HLA-B*35:11,HLA-B*35:43,HLA-B*53:01","HLA-DRB1*04:01,HLA-DRB1*04:07,HLA-DRB1*09:01",28,3,31
"L","KVFILPYKVFTSIEF",1694,1708,15,"KVFILPYKV, KVFILPYKVF, VFILPYKVF, FILPYKVF, FILPYKVFT, ILPYKVFTSI, LPYKVFTSI, LPYKVFTSIEF, PYKVFTSIEF, YKVFTSIEF, KVFTSIEF",11,"HLA-A*02:01,HLA-A*02:03,HLA-A*02:04,HLA-A*02:06,HLA-A*02:11,HLA-A*02:17,HLA-A*02:22,HLA-A*30:01,HLA-A*32:01,HLA-A*68:02,HLA-B*52:01,HLA-C*12:03,HLA-C*15:02,HLA-C*15:03,HLA-A*23:01,HLA-A*24:02,HLA-C*07:02,HLA-C*16:01,HLA-B*07:02,HLA-B*08:01,HLA-B*35:01,HLA-B*35:05,HLA-B*35:11,HLA-B*35:12,HLA-B*35:43,HLA-B*39:06,HLA-B*51:01,HLA-B*51:04,HLA-B*53:01,HLA-C*07:01","HLA-DRB1*15:01",30,1,31
"L","EEFTYKGIPVKHLYS",1780,1794,15,"EEFTYKGI, FTYKGIPV, FTYKGIPVK, FTYKGIPVKH, FTYKGIPVKHL, TYKGIPVKH, TYKGIPVKHL, TYKGIPVKHLY, YKGIPVKHL, KGIPVKHLY",10,"HLA-B*18:01,HLA-B*52:01,HLA-C*03:03,HLA-C*03:04,HLA-C*12:03,HLA-C*15:02,HLA-C*15:03,HLA-C*16:01,HLA-A*03:01,HLA-A*11:01,HLA-A*30:01,HLA-A*31:01,HLA-A*68:01,HLA-C*07:02,HLA-A*23:01,HLA-A*24:02,HLA-A*29:02,HLA-A*30:02,HLA-C*06:02,HLA-C*07:01,HLA-A*32:01,HLA-B*15:01,HLA-B*35:01,HLA-B*35:05,HLA-B*35:11,HLA-B*57:01,HLA-B*58:01","HLA-DRB1*01:01,HLA-DRB1*07:01,HLA-DRB1*08:07,HLA-DRB1*16:02",27,4,31
"L","VNVDEYAITRRAHFQ",1990,2004,15,"VNVDEYAITR, NVDEYAITR, NVDEYAITRR, DEYAITRR, DEYAITRRA, DEYAITRRAHF, EYAITRRAHF, YAITRRAHF",8,"HLA-A*68:01,HLA-A*11:01,HLA-A*33:01,HLA-B*18:01,HLA-B*40:02,HLA-B*40:04,HLA-B*44:02,HLA-B*44:03,HLA-A*23:01,HLA-A*24:02,HLA-B*08:01,HLA-B*15:01,HLA-B*35:01,HLA-B*35:05,HLA-B*35:11,HLA-B*35:43,HLA-B*53:01,HLA-B*57:01,HLA-C*01:02,HLA-C*03:03,HLA-C*03:04,HLA-C*06:02,HLA-C*07:01,HLA-C*07:02,HLA-C*12:03,HLA-C*15:02,HLA-C*15:03,HLA-C*16:01","HLA-DRB1*08:07,HLA-DRB1*11:01,HLA-DRB1*14:02",28,3,31
"Gc","LKTAFRGLTKVLIEN",165,179,15,"KTAFRGLTK, KTAFRGLTKV, TAFRGLTKV, TAFRGLTKVL, AFRGLTKVL, FRGLTKVL, FRGLTKVLI",7,"HLA-A*03:01,HLA-A*11:01,HLA-A*30:01,HLA-A*31:01,HLA-A*68:01,HLA-C*15:03,HLA-A*02:01,HLA-A*02:03,HLA-A*02:04,HLA-A*02:06,HLA-A*02:11,HLA-A*02:22,HLA-A*68:02,HLA-B*51:01,HLA-B*52:01,HLA-C*03:03,HLA-C*03:04,HLA-C*06:02,HLA-C*12:03,HLA-C*15:02,HLA-C*16:01,HLA-C*07:02,HLA-C*07:01,HLA-B*39:06","HLA-DRB1*08:02,HLA-DRB1*08:04,HLA-DRB1*08:07,HLA-DRB1*11:01,HLA-DRB1*13:02,HLA-DRB1*14:02",24,6,30
"L","GKMYIIDFKVSVDDR",84,98,15,"KMYIIDFKV, YIIDFKVSV, IIDFKVSV, DFKVSVDDR",4,"HLA-A*02:01,HLA-A*02:03,HLA-A*02:04,HLA-A*02:06,HLA-A*02:11,HLA-A*02:17,HLA-A*02:22,HLA-A*32:01,HLA-B*52:01,HLA-A*68:02,HLA-C*01:02,HLA-C*03:03,HLA-C*03:04,HLA-C*05:01,HLA-C*06:02,HLA-C*07:02,HLA-C*08:02,HLA-C*12:03,HLA-C*15:02,HLA-C*15:03,HLA-C*16:01,HLA-C*04:01,HLA-A*33:01","HLA-DRB1*03:01,HLA-DRB1*04:05,HLA-DRB1*04:11,HLA-DRB1*08:07,HLA-DRB1*14:02,HLA-DRB3*01:01,HLA-DRB3*02:02",23,7,30
"L","EQALFKEALEFKSFG",216,230,15,"EQALFKEA, EQALFKEAL, QALFKEAL, ALFKEALEF, ALFKEALEFK, LFKEALEF, LFKEALEFK, KEALEFKSF",8,"HLA-B*39:06,HLA-B*39:05,HLA-B*39:09,HLA-B*40:01,HLA-B*40:02,HLA-B*40:03,HLA-B*40:04,HLA-B*52:01,HLA-B*08:01,HLA-C*16:01,HLA-A*02:04,HLA-A*23:01,HLA-A*24:02,HLA-A*29:02,HLA-A*30:02,HLA-A*32:01,HLA-B*15:01,HLA-B*15:04,HLA-C*03:03,HLA-C*03:04,HLA-C*07:01,HLA-C*07:02,HLA-A*03:01,HLA-A*11:01,HLA-A*30:01,HLA-A*31:01,HLA-B*18:01,HLA-B*44:02,HLA-B*44:03","HLA-DRB1*09:01",29,1,30
"L","EDLKQSIPDYTDYMS",890,904,15,"DLKQSIPDY, KQSIPDYTDY, QSIPDYTDY, SIPDYTDYM",4,"HLA-A*26:01,HLA-B*15:01,HLA-B*35:11,HLA-A*29:02,HLA-A*30:02,HLA-A*01:01,HLA-B*35:01,HLA-B*35:05,HLA-B*57:01,HLA-B*58:01,HLA-C*12:03,HLA-C*16:01,HLA-A*02:01,HLA-A*02:03,HLA-A*02:04,HLA-A*02:06,HLA-A*02:11,HLA-A*02:17,HLA-A*02:22,HLA-A*68:02,HLA-C*01:02,HLA-C*03:03,HLA-C*03:04,HLA-C*04:01,HLA-C*05:01,HLA-C*06:02,HLA-C*07:01,HLA-C*07:02,HLA-C*08:02","HLA-DRB4*01:01",29,1,30
"L","SIPDYTDYMSVKVFD",895,909,15,"SIPDYTDYM, SIPDYTDYMSV, DYTDYMSVK, YTDYMSVKV, YTDYMSVKVF, TDYMSVKV, TDYMSVKVF",7,"HLA-A*02:01,HLA-A*02:03,HLA-A*02:04,HLA-A*02:06,HLA-A*02:11,HLA-A*02:17,HLA-A*02:22,HLA-A*68:02,HLA-C*01:02,HLA-C*03:03,HLA-C*03:04,HLA-C*04:01,HLA-C*05:01,HLA-C*06:02,HLA-C*07:01,HLA-C*07:02,HLA-C*08:02,HLA-C*12:03,HLA-A*33:01,HLA-A*01:01,HLA-C*15:02,HLA-C*15:03,HLA-B*40:02,HLA-B*52:01,HLA-B*18:01,HLA-B*40:03,HLA-B*40:04,HLA-B*44:02,HLA-B*44:03","HLA-DRB1*16:02",29,1,30
"L","TDYMSVKVFDRLYEK",900,914,15,"TDYMSVKV, TDYMSVKVF, DYMSVKVFDR, YMSVKVFDR, YMSVKVFDRL, MSVKVFDRL, MSVKVFDRLY, SVKVFDRLY, SVKVFDRLYEK, KVFDRLYEK",10,"HLA-B*40:02,HLA-B*52:01,HLA-B*18:01,HLA-B*40:03,HLA-B*40:04,HLA-B*44:02,HLA-B*44:03,HLA-A*31:01,HLA-A*33:01,HLA-A*02:04,HLA-A*02:22,HLA-A*68:02,HLA-B*57:01,HLA-B*58:01,HLA-C*03:03,HLA-C*03:04,HLA-C*12:03,HLA-C*15:02,HLA-C*15:03,HLA-C*16:01,HLA-A*29:02,HLA-A*30:02,HLA-A*32:01,HLA-B*15:01,HLA-A*03:01,HLA-A*11:01,HLA-A*30:01,HLA-A*68:01","HLA-DRB1*13:01,HLA-DRB5*01:01",28,2,30
"L","DQRVPYSNDIIGLMT",1102,1116,15,"QRVPYSNDI, RVPYSNDII, RVPYSNDIIGL, VPYSNDII, VPYSNDIIGL, VPYSNDIIGLM, PYSNDIIGL, PYSNDIIGLM, YSNDIIGL, YSNDIIGLM, SNDIIGLM",11,"HLA-B*39:06,HLA-C*06:02,HLA-C*07:01,HLA-C*01:02,HLA-B*51:01,HLA-B*07:02,HLA-B*35:01,HLA-B*35:05,HLA-B*35:12,HLA-B*53:01,HLA-B*35:11,HLA-A*23:01,HLA-A*24:02,HLA-C*03:03,HLA-C*03:04,HLA-C*05:01,HLA-C*08:02,HLA-C*12:03,HLA-C*15:02,HLA-C*15:03,HLA-C*16:01,HLA-A*01:01,HLA-A*02:06,HLA-A*26:01,HLA-A*68:02,HLA-B*57:01,HLA-B*58:01,HLA-C*04:01,HLA-C*07:02","HLA-DRB3*01:01",29,1,30
"L","QRVPYSNDIIGLMTN",1103,1117,15,"QRVPYSNDI, RVPYSNDII, RVPYSNDIIGL, VPYSNDII, VPYSNDIIGL, VPYSNDIIGLM, PYSNDIIGL, PYSNDIIGLM, YSNDIIGL, YSNDIIGLM, SNDIIGLM",11,"HLA-B*39:06,HLA-C*06:02,HLA-C*07:01,HLA-C*01:02,HLA-B*51:01,HLA-B*07:02,HLA-B*35:01,HLA-B*35:05,HLA-B*35:12,HLA-B*53:01,HLA-B*35:11,HLA-A*23:01,HLA-A*24:02,HLA-C*03:03,HLA-C*03:04,HLA-C*05:01,HLA-C*08:02,HLA-C*12:03,HLA-C*15:02,HLA-C*15:03,HLA-C*16:01,HLA-A*01:01,HLA-A*02:06,HLA-A*26:01,HLA-A*68:02,HLA-B*57:01,HLA-B*58:01,HLA-C*04:01,HLA-C*07:02","HLA-DRB3*01:01",29,1,30
"L","GEPFSIYGRFLLTAV",1233,1247,15,"GEPFSIYGRF, GEPFSIYGRFL, EPFSIYGRF, FSIYGRFL, FSIYGRFLL, SIYGRFLLT, SIYGRFLLTA, YGRFLLTAV, GRFLLTAV",9,"HLA-B*40:03,HLA-B*40:04,HLA-B*44:02,HLA-B*44:03,HLA-B*40:02,HLA-B*35:01,HLA-B*35:05,HLA-B*35:11,HLA-B*53:01,HLA-C*01:02,HLA-C*03:03,HLA-C*03:04,HLA-C*12:03,HLA-C*15:02,HLA-C*15:03,HLA-C*16:01,HLA-A*02:06,HLA-A*02:17,HLA-A*68:02,HLA-B*57:01,HLA-B*58:01,HLA-C*06:02,HLA-A*02:03,HLA-A*02:04,HLA-A*02:11,HLA-A*02:01,HLA-A*02:22,HLA-B*08:01,HLA-B*39:06","HLA-DRB1*13:02",29,1,30
"L","GNVTFLTNIARKLSS",1339,1353,15,"GNVTFLTNI, NVTFLTNIA, NVTFLTNIAR, NVTFLTNIARK, VTFLTNIAR, VTFLTNIARK, TFLTNIARK, FLTNIARKL, LTNIARKL",9,"HLA-B*52:01,HLA-A*68:02,HLA-A*33:01,HLA-A*68:01,HLA-A*03:01,HLA-A*11:01,HLA-A*30:01,HLA-A*31:01,HLA-A*02:01,HLA-A*02:03,HLA-A*02:04,HLA-A*02:06,HLA-A*02:11,HLA-A*02:17,HLA-A*02:22,HLA-C*01:02,HLA-C*03:03,HLA-C*03:04,HLA-C*05:01,HLA-C*06:02,HLA-C*07:02,HLA-C*12:03,HLA-C*15:02,HLA-C*15:03,HLA-C*16:01","HLA-DRB1*01:01,HLA-DRB1*07:01,HLA-DRB1*11:01,HLA-DRB3*02:02,HLA-DRB5*01:01",25,5,30
"L","KTNELFENFIRHPEL",1443,1457,15,"KTNELFENF, KTNELFENFIR, ELFENFIRH, FENFIRHPEL, ENFIRHPEL, NFIRHPEL",6,"HLA-A*23:01,HLA-A*24:02,HLA-A*29:02,HLA-A*30:01,HLA-A*30:02,HLA-A*32:01,HLA-B*15:01,HLA-B*57:01,HLA-B*58:01,HLA-C*05:01,HLA-C*07:01,HLA-C*12:03,HLA-C*15:02,HLA-C*15:03,HLA-C*16:01,HLA-A*11:01,HLA-A*31:01,HLA-A*68:01,HLA-B*18:01,HLA-B*40:01,HLA-B*40:02,HLA-B*40:03,HLA-B*40:04,HLA-B*44:02,HLA-B*44:03,HLA-B*08:01,HLA-B*39:06,HLA-B*52:01,HLA-C*07:02","HLA-DRB1*13:02",29,1,30
"L","GRKTFVESYVQIVDD",1532,1546,15,"GRKTFVESY, KTFVESYV, KTFVESYVQI, TFVESYVQI, FVESYVQI, FVESYVQIV, VESYVQIV",7,"HLA-C*06:02,HLA-C*07:01,HLA-C*07:02,HLA-C*15:03,HLA-A*32:01,HLA-B*57:01,HLA-C*15:02,HLA-A*23:01,HLA-A*24:02,HLA-C*04:01,HLA-C*05:01,HLA-A*02:01,HLA-A*02:03,HLA-A*02:04,HLA-A*02:06,HLA-A*02:11,HLA-A*02:17,HLA-A*02:22,HLA-A*68:02,HLA-C*03:03,HLA-C*03:04,HLA-C*08:02,HLA-C*12:03,HLA-B*40:02,HLA-B*40:03,HLA-B*40:04,HLA-B*52:01","HLA-DRB1*07:01,HLA-DRB1*09:01,HLA-DRB3*02:02",27,3,30
"L","ESYVQIVDDLSNLTL",1538,1552,15,"SYVQIVDDL, VQIVDDLSNL, QIVDDLSNL, QIVDDLSNLTL, IVDDLSNL, IVDDLSNLT, IVDDLSNLTL, VDDLSNLTL",8,"HLA-A*23:01,HLA-A*24:02,HLA-C*04:01,HLA-C*07:02,HLA-A*02:06,HLA-A*02:22,HLA-A*02:01,HLA-A*02:03,HLA-A*02:04,HLA-A*02:11,HLA-A*02:17,HLA-A*26:01,HLA-A*68:02,HLA-C*03:03,HLA-C*03:04,HLA-C*05:01,HLA-C*01:02,HLA-C*08:02,HLA-A*01:01,HLA-C*15:02,HLA-C*15:03,HLA-B*40:01,HLA-B*40:02,HLA-B*40:04","HLA-DRB1*04:01,HLA-DRB1*04:03,HLA-DRB1*04:04,HLA-DRB1*04:05,HLA-DRB1*04:07,HLA-DRB1*04:11",24,6,30
"L","PLLITSANNIIMSVK",1569,1583,15,"LLITSANNI, ITSANNIIM, TSANNIIM, TSANNIIMSV, TSANNIIMSVK, SANNIIMSV, SANNIIMSVK, ANNIIMSV, ANNIIMSVK",9,"HLA-A*02:03,HLA-A*02:04,HLA-A*02:11,HLA-A*02:17,HLA-A*02:22,HLA-C*01:02,HLA-C*03:03,HLA-C*03:04,HLA-C*05:01,HLA-C*08:02,HLA-C*12:03,HLA-C*15:02,HLA-C*15:03,HLA-C*16:01,HLA-A*68:02,HLA-A*11:01,HLA-A*68:01,HLA-A*02:01,HLA-A*02:06,HLA-A*30:01,HLA-A*32:01,HLA-B*35:05,HLA-B*35:11,HLA-B*51:01,HLA-B*52:01,HLA-C*06:02,HLA-C*07:01,HLA-C*07:02,HLA-A*03:01","HLA-DRB1*07:01",29,1,30
"L","TSANNIIMSVKGHSQ",1573,1587,15,"TSANNIIM, TSANNIIMSV, TSANNIIMSVK, SANNIIMSV, SANNIIMSVK, ANNIIMSV, ANNIIMSVK",7,"HLA-C*16:01,HLA-A*68:02,HLA-C*15:02,HLA-C*15:03,HLA-A*11:01,HLA-A*68:01,HLA-A*02:01,HLA-A*02:03,HLA-A*02:04,HLA-A*02:06,HLA-A*02:11,HLA-A*02:17,HLA-A*02:22,HLA-A*30:01,HLA-A*32:01,HLA-B*35:05,HLA-B*35:11,HLA-B*51:01,HLA-B*52:01,HLA-C*01:02,HLA-C*03:03,HLA-C*03:04,HLA-C*05:01,HLA-C*06:02,HLA-C*07:01,HLA-C*07:02,HLA-C*08:02,HLA-C*12:03,HLA-A*03:01","HLA-DRB1*11:01",29,1,30
"L","RSLKLIHYSPAVVLR",1601,1615,15,"RSLKLIHY, KLIHYSPAV, KLIHYSPAVV, KLIHYSPAVVL, LIHYSPAVV, IHYSPAVV, IHYSPAVVL, HYSPAVVL, HYSPAVVLR",9,"HLA-A*30:02,HLA-B*57:01,HLA-C*16:01,HLA-A*02:01,HLA-A*02:03,HLA-A*02:04,HLA-A*02:06,HLA-A*02:11,HLA-A*02:17,HLA-A*02:22,HLA-A*32:01,HLA-B*52:01,HLA-C*15:02,HLA-C*15:03,HLA-B*39:06,HLA-B*39:05,HLA-B*39:09,HLA-C*01:02,HLA-C*06:02,HLA-C*07:01,HLA-C*07:02,HLA-C*04:01,HLA-A*31:01,HLA-A*33:01,HLA-A*68:01","HLA-DRB1*07:01,HLA-DRB1*09:01,HLA-DRB1*15:01,HLA-DRB1*16:02,HLA-DRB3*02:02",25,5,30
"L","SLKLIHYSPAVVLRA",1602,1616,15,"KLIHYSPAV, KLIHYSPAVV, KLIHYSPAVVL, LIHYSPAVV, IHYSPAVV, IHYSPAVVL, IHYSPAVVLRA, HYSPAVVL, HYSPAVVLR, YSPAVVLRA",10,"HLA-A*02:01,HLA-A*02:03,HLA-A*02:04,HLA-A*02:06,HLA-A*02:11,HLA-A*02:17,HLA-A*02:22,HLA-A*32:01,HLA-B*52:01,HLA-C*15:02,HLA-C*15:03,HLA-B*39:06,HLA-B*39:05,HLA-B*39:09,HLA-C*01:02,HLA-C*06:02,HLA-C*07:01,HLA-C*07:02,HLA-C*04:01,HLA-A*31:01,HLA-A*33:01,HLA-A*68:01,HLA-A*68:02,HLA-C*12:03","HLA-DRB1*01:01,HLA-DRB1*07:01,HLA-DRB1*09:01,HLA-DRB1*15:01,HLA-DRB3*01:01,HLA-DRB3*02:02",24,6,30
"L","EFTYKGIPVKHLYSK",1781,1795,15,"FTYKGIPV, FTYKGIPVK, FTYKGIPVKH, FTYKGIPVKHL, TYKGIPVKH, TYKGIPVKHL, TYKGIPVKHLY, YKGIPVKHL, KGIPVKHLY, GIPVKHLYSK",10,"HLA-B*52:01,HLA-C*03:03,HLA-C*03:04,HLA-C*12:03,HLA-C*15:02,HLA-C*15:03,HLA-C*16:01,HLA-A*03:01,HLA-A*11:01,HLA-A*30:01,HLA-A*31:01,HLA-A*68:01,HLA-C*07:02,HLA-A*23:01,HLA-A*24:02,HLA-A*29:02,HLA-A*30:02,HLA-C*06:02,HLA-C*07:01,HLA-A*32:01,HLA-B*15:01,HLA-B*35:01,HLA-B*35:05,HLA-B*35:11,HLA-B*57:01,HLA-B*58:01","HLA-DRB1*01:01,HLA-DRB1*07:01,HLA-DRB1*08:07,HLA-DRB1*16:02",26,4,30
"N","REEIVAVRAAFEAVG",193,207,15,"REEIVAVRA, REEIVAVRAA, REEIVAVRAAF, EEIVAVRA, EEIVAVRAA, EEIVAVRAAF, EIVAVRAAF, IVAVRAAF, AVRAAFEAV, VRAAFEAV",10,"HLA-B*40:01,HLA-B*40:02,HLA-B*40:03,HLA-B*40:04,HLA-B*44:02,HLA-B*44:03,HLA-B*18:01,HLA-B*39:06,HLA-A*26:01,HLA-B*15:01,HLA-B*35:01,HLA-B*35:05,HLA-B*35:11,HLA-C*16:01,HLA-A*02:03,HLA-A*02:06,HLA-A*30:01,HLA-A*68:02,HLA-B*07:02","HLA-DRB1*04:03,HLA-DRB1*04:04,HLA-DRB1*04:05,HLA-DRB1*04:07,HLA-DRB1*04:11,HLA-DRB1*08:02,HLA-DRB1*08:04,HLA-DRB1*08:07,HLA-DRB1*09:01,HLA-DRB1*12:01,HLA-DRB1*15:01",19,11,30
"NSm","KFSPRVNHFRNIKAL",117,131,15,"KFSPRVNHF, KFSPRVNHFR, FSPRVNHF, FSPRVNHFR, SPRVNHFRNI, RVNHFRNIK, NHFRNIKA, NHFRNIKAL, HFRNIKAL",9,"HLA-A*23:01,HLA-A*24:02,HLA-A*29:02,HLA-A*30:02,HLA-A*32:01,HLA-B*57:01,HLA-C*01:02,HLA-C*04:01,HLA-C*06:02,HLA-C*07:01,HLA-C*07:02,HLA-C*12:03,HLA-C*16:01,HLA-A*31:01,HLA-A*33:01,HLA-C*03:03,HLA-C*03:04,HLA-C*15:02,HLA-C*15:03,HLA-A*68:01,HLA-B*07:02,HLA-A*03:01,HLA-A*11:01,HLA-A*30:01,HLA-B*39:06,HLA-B*39:05,HLA-B*39:09,HLA-B*08:01","HLA-DRB1*04:04,HLA-DRB1*15:01",28,2,30
"Gc","NKIEFAQDAHRMILL",63,77,15,"NKIEFAQDA, IEFAQDAHRM, IEFAQDAHRMI, FAQDAHRM, FAQDAHRMI, FAQDAHRMIL, FAQDAHRMILL, AQDAHRMI, AQDAHRMIL, AQDAHRMILL, QDAHRMILL, DAHRMILL",12,"HLA-B*39:06,HLA-B*18:01,HLA-B*40:01,HLA-B*40:02,HLA-B*40:03,HLA-B*40:04,HLA-B*44:02,HLA-B*44:03,HLA-C*01:02,HLA-C*03:03,HLA-C*03:04,HLA-C*05:01,HLA-C*08:02,HLA-C*12:03,HLA-C*15:02,HLA-C*15:03,HLA-C*16:01,HLA-B*51:01,HLA-B*52:01,HLA-C*04:01,HLA-C*06:02,HLA-B*15:01,HLA-B*39:05,HLA-B*39:09,HLA-C*07:01,HLA-C*07:02,HLA-B*08:01","HLA-DRB3*01:01,HLA-DRB5*01:01",27,2,29
"L","DGKMYIIDFKVSVDD",83,97,15,"KMYIIDFKV, YIIDFKVSV, IIDFKVSV",3,"HLA-A*02:01,HLA-A*02:03,HLA-A*02:04,HLA-A*02:06,HLA-A*02:11,HLA-A*02:17,HLA-A*02:22,HLA-A*32:01,HLA-B*52:01,HLA-A*68:02,HLA-C*01:02,HLA-C*03:03,HLA-C*03:04,HLA-C*05:01,HLA-C*06:02,HLA-C*07:02,HLA-C*08:02,HLA-C*12:03,HLA-C*15:02,HLA-C*15:03,HLA-C*16:01,HLA-C*04:01","HLA-DRB1*03:01,HLA-DRB1*04:05,HLA-DRB1*04:11,HLA-DRB1*08:07,HLA-DRB1*14:02,HLA-DRB3*01:01,HLA-DRB3*02:02",22,7,29
"L","KMYIIDFKVSVDDRS",85,99,15,"KMYIIDFKV, YIIDFKVSV, IIDFKVSV, DFKVSVDDR",4,"HLA-A*02:01,HLA-A*02:03,HLA-A*02:04,HLA-A*02:06,HLA-A*02:11,HLA-A*02:17,HLA-A*02:22,HLA-A*32:01,HLA-B*52:01,HLA-A*68:02,HLA-C*01:02,HLA-C*03:03,HLA-C*03:04,HLA-C*05:01,HLA-C*06:02,HLA-C*07:02,HLA-C*08:02,HLA-C*12:03,HLA-C*15:02,HLA-C*15:03,HLA-C*16:01,HLA-C*04:01,HLA-A*33:01","HLA-DRB1*03:01,HLA-DRB1*04:04,HLA-DRB1*04:05,HLA-DRB1*04:11,HLA-DRB1*08:07,HLA-DRB3*01:01",23,6,29
"L","TLPWIEEDTPELLTH",188,202,15,"LPWIEEDTPEL, PWIEEDTPEL, PWIEEDTPELL, WIEEDTPEL, WIEEDTPELL, IEEDTPEL, IEEDTPELL, EEDTPELL, EEDTPELLTH",9,"HLA-B*07:02,HLA-B*35:01,HLA-B*35:05,HLA-B*35:12,HLA-B*51:01,HLA-B*53:01,HLA-A*24:02,HLA-A*02:01,HLA-A*02:04,HLA-A*02:06,HLA-A*02:11,HLA-A*02:17,HLA-A*02:22,HLA-C*01:02,HLA-C*03:03,HLA-C*03:04,HLA-C*04:01,HLA-C*05:01,HLA-C*08:02,HLA-B*18:01,HLA-B*40:01,HLA-B*40:02,HLA-B*40:04,HLA-B*39:05,HLA-B*40:03,HLA-B*44:02,HLA-B*44:03","HLA-DRB1*03:01,HLA-DRB3*01:01",27,2,29
"L","LPWIEEDTPELLTHP",189,203,15,"LPWIEEDTPEL, PWIEEDTPEL, PWIEEDTPELL, WIEEDTPEL, WIEEDTPELL, IEEDTPEL, IEEDTPELL, EEDTPELL, EEDTPELLTH",9,"HLA-B*07:02,HLA-B*35:01,HLA-B*35:05,HLA-B*35:12,HLA-B*51:01,HLA-B*53:01,HLA-A*24:02,HLA-A*02:01,HLA-A*02:04,HLA-A*02:06,HLA-A*02:11,HLA-A*02:17,HLA-A*02:22,HLA-C*01:02,HLA-C*03:03,HLA-C*03:04,HLA-C*04:01,HLA-C*05:01,HLA-C*08:02,HLA-B*18:01,HLA-B*40:01,HLA-B*40:02,HLA-B*40:04,HLA-B*39:05,HLA-B*40:03,HLA-B*44:02,HLA-B*44:03","HLA-DRB1*03:01,HLA-DRB3*01:01",27,2,29
"L","NANNFNRSITTISTF",819,833,15,"NANNFNRSI, NFNRSITTI, FNRSITTI, NRSITTIST, NRSITTISTF, RSITTISTF",6,"HLA-B*51:01,HLA-B*52:01,HLA-C*03:03,HLA-C*03:04,HLA-C*06:02,HLA-C*12:03,HLA-C*15:02,HLA-C*15:03,HLA-C*16:01,HLA-A*23:01,HLA-A*24:02,HLA-C*04:01,HLA-C*07:02,HLA-B*39:06,HLA-C*07:01,HLA-A*30:02,HLA-A*32:01,HLA-B*15:01,HLA-B*15:04,HLA-B*35:01,HLA-B*35:05,HLA-B*35:11,HLA-B*53:01,HLA-B*57:01,HLA-B*58:01,HLA-C*01:02","HLA-DRB1*04:01,HLA-DRB1*04:07,HLA-DRB1*09:01",26,3,29
"L","ANNFNRSITTISTFT",820,834,15,"NFNRSITTI, FNRSITTI, NRSITTIST, NRSITTISTF, RSITTISTF",5,"HLA-A*23:01,HLA-A*24:02,HLA-C*04:01,HLA-C*06:02,HLA-C*07:02,HLA-B*52:01,HLA-B*39:06,HLA-C*07:01,HLA-A*30:02,HLA-A*32:01,HLA-B*15:01,HLA-B*15:04,HLA-B*35:01,HLA-B*35:05,HLA-B*35:11,HLA-B*53:01,HLA-B*57:01,HLA-B*58:01,HLA-C*01:02,HLA-C*03:03,HLA-C*03:04,HLA-C*12:03,HLA-C*15:02,HLA-C*15:03,HLA-C*16:01","HLA-DRB1*04:01,HLA-DRB1*04:03,HLA-DRB1*04:07,HLA-DRB1*09:01",25,4,29
"L","IRYISNTIKTLGNAI",1005,1019,15,"IRYISNTI, IRYISNTIKTL, RYISNTIKTL, YISNTIKTL, ISNTIKTL, NTIKTLGNA, NTIKTLGNAI, TIKTLGNAI",8,"HLA-B*39:06,HLA-B*52:01,HLA-C*06:02,HLA-C*07:01,HLA-A*23:01,HLA-A*24:02,HLA-C*07:02,HLA-A*02:01,HLA-A*02:03,HLA-A*02:04,HLA-A*02:06,HLA-A*02:11,HLA-A*02:17,HLA-A*02:22,HLA-A*32:01,HLA-B*08:01,HLA-C*01:02,HLA-C*03:03,HLA-C*03:04,HLA-C*04:01,HLA-C*05:01,HLA-C*08:02,HLA-C*12:03,HLA-C*15:02,HLA-C*15:03,HLA-C*16:01,HLA-A*68:02","HLA-DRB1*11:01,HLA-DRB3*02:02",27,2,29
"L","RVPYSNDIIGLMTNN",1104,1118,15,"RVPYSNDII, RVPYSNDIIGL, VPYSNDII, VPYSNDIIGL, VPYSNDIIGLM, PYSNDIIGL, PYSNDIIGLM, YSNDIIGL, YSNDIIGLM, SNDIIGLM",10,"HLA-C*01:02,HLA-B*51:01,HLA-B*07:02,HLA-B*35:01,HLA-B*35:05,HLA-B*35:12,HLA-B*53:01,HLA-B*35:11,HLA-A*23:01,HLA-A*24:02,HLA-C*03:03,HLA-C*03:04,HLA-C*05:01,HLA-C*08:02,HLA-C*12:03,HLA-C*15:02,HLA-C*15:03,HLA-C*16:01,HLA-A*01:01,HLA-A*02:06,HLA-A*26:01,HLA-A*68:02,HLA-B*57:01,HLA-B*58:01,HLA-C*04:01,HLA-C*06:02,HLA-C*07:01,HLA-C*07:02","HLA-DRB3*01:01",28,1,29
"L","HGEPFSIYGRFLLTA",1232,1246,15,"HGEPFSIYGR, GEPFSIYGRF, GEPFSIYGRFL, EPFSIYGRF, FSIYGRFL, FSIYGRFLL, SIYGRFLLT, SIYGRFLLTA",8,"HLA-A*33:01,HLA-B*40:03,HLA-B*40:04,HLA-B*44:02,HLA-B*44:03,HLA-B*40:02,HLA-B*35:01,HLA-B*35:05,HLA-B*35:11,HLA-B*53:01,HLA-C*01:02,HLA-C*03:03,HLA-C*03:04,HLA-C*12:03,HLA-C*15:02,HLA-C*15:03,HLA-C*16:01,HLA-A*02:06,HLA-A*02:17,HLA-A*68:02,HLA-B*57:01,HLA-B*58:01,HLA-C*06:02,HLA-A*02:03,HLA-A*02:04,HLA-A*02:11,HLA-A*02:01,HLA-A*02:22","HLA-DRB1*13:02",28,1,29
"L","IGRKTFVESYVQIVD",1531,1545,15,"GRKTFVESY, KTFVESYV, KTFVESYVQI, TFVESYVQI, FVESYVQI, FVESYVQIV, VESYVQIV",7,"HLA-C*06:02,HLA-C*07:01,HLA-C*07:02,HLA-C*15:03,HLA-A*32:01,HLA-B*57:01,HLA-C*15:02,HLA-A*23:01,HLA-A*24:02,HLA-C*04:01,HLA-C*05:01,HLA-A*02:01,HLA-A*02:03,HLA-A*02:04,HLA-A*02:06,HLA-A*02:11,HLA-A*02:17,HLA-A*02:22,HLA-A*68:02,HLA-C*03:03,HLA-C*03:04,HLA-C*08:02,HLA-C*12:03,HLA-B*40:02,HLA-B*40:03,HLA-B*40:04,HLA-B*52:01","HLA-DRB1*07:01,HLA-DRB1*09:01",27,2,29
"L","RKTFVESYVQIVDDL",1533,1547,15,"KTFVESYV, KTFVESYVQI, TFVESYVQI, FVESYVQI, FVESYVQIV, VESYVQIV, VESYVQIVDDL, SYVQIVDDL",8,"HLA-C*15:03,HLA-A*32:01,HLA-B*57:01,HLA-C*15:02,HLA-A*23:01,HLA-A*24:02,HLA-C*04:01,HLA-C*06:02,HLA-C*07:02,HLA-C*05:01,HLA-A*02:01,HLA-A*02:03,HLA-A*02:04,HLA-A*02:06,HLA-A*02:11,HLA-A*02:17,HLA-A*02:22,HLA-A*68:02,HLA-C*03:03,HLA-C*03:04,HLA-C*08:02,HLA-C*12:03,HLA-B*40:02,HLA-B*40:03,HLA-B*40:04,HLA-B*52:01","HLA-DRB1*07:01,HLA-DRB1*09:01,HLA-DRB3*02:02",26,3,29
"L","VESYVQIVDDLSNLT",1537,1551,15,"VESYVQIV, VESYVQIVDDL, SYVQIVDDL, VQIVDDLSNL, QIVDDLSNL, IVDDLSNL, IVDDLSNLT",7,"HLA-B*40:02,HLA-B*40:03,HLA-B*40:04,HLA-B*52:01,HLA-A*23:01,HLA-A*24:02,HLA-C*04:01,HLA-C*07:02,HLA-A*02:06,HLA-A*02:22,HLA-A*02:01,HLA-A*02:03,HLA-A*02:04,HLA-A*02:11,HLA-A*02:17,HLA-A*26:01,HLA-A*68:02,HLA-C*03:03,HLA-C*03:04,HLA-C*01:02,HLA-C*05:01,HLA-C*08:02,HLA-A*01:01","HLA-DRB1*04:01,HLA-DRB1*04:03,HLA-DRB1*04:04,HLA-DRB1*04:05,HLA-DRB1*04:07,HLA-DRB1*04:11",23,6,29
"L","DPLLITSANNIIMSV",1568,1582,15,"LLITSANNI, ITSANNIIM, TSANNIIM, TSANNIIMSV, SANNIIMSV, ANNIIMSV",6,"HLA-A*02:03,HLA-A*02:04,HLA-A*02:11,HLA-A*02:17,HLA-A*02:22,HLA-C*01:02,HLA-C*03:03,HLA-C*03:04,HLA-C*05:01,HLA-C*08:02,HLA-C*12:03,HLA-C*15:02,HLA-C*15:03,HLA-C*16:01,HLA-A*68:02,HLA-A*02:01,HLA-A*02:06,HLA-A*30:01,HLA-A*32:01,HLA-B*35:05,HLA-B*35:11,HLA-B*51:01,HLA-B*52:01,HLA-C*06:02,HLA-C*07:01,HLA-C*07:02","HLA-DRB1*07:01,HLA-DRB1*09:01,HLA-DRB3*02:02",26,3,29
"L","SILEEIHWIISYLKT",2131,2145,15,"SILEEIHW, SILEEIHWI, SILEEIHWII, ILEEIHWII, ILEEIHWIISY, LEEIHWII, LEEIHWIISY, EEIHWIISY, EEIHWIISYL, EIHWIISYL, EIHWIISYLK, IHWIISYL",12,"HLA-B*57:01,HLA-B*58:01,HLA-A*02:01,HLA-A*02:03,HLA-A*02:04,HLA-A*02:06,HLA-A*02:11,HLA-A*02:17,HLA-A*02:22,HLA-A*68:02,HLA-C*15:02,HLA-C*15:03,HLA-C*05:01,HLA-A*01:01,HLA-A*29:02,HLA-B*40:02,HLA-B*40:04,HLA-B*18:01,HLA-B*40:03,HLA-B*44:02,HLA-B*44:03,HLA-B*15:01,HLA-B*40:01,HLA-A*26:01,HLA-A*68:01,HLA-B*39:05,HLA-B*39:06,HLA-B*39:09","HLA-DRB5*01:01",28,1,29
"Gc","FNKIEFAQDAHRMIL",62,76,15,"NKIEFAQDA, IEFAQDAHRM, IEFAQDAHRMI, FAQDAHRM, FAQDAHRMI, FAQDAHRMIL, AQDAHRMI, AQDAHRMIL",8,"HLA-B*39:06,HLA-B*18:01,HLA-B*40:01,HLA-B*40:02,HLA-B*40:03,HLA-B*40:04,HLA-B*44:02,HLA-B*44:03,HLA-C*01:02,HLA-C*03:03,HLA-C*03:04,HLA-C*05:01,HLA-C*08:02,HLA-C*12:03,HLA-C*15:02,HLA-C*15:03,HLA-C*16:01,HLA-B*51:01,HLA-B*52:01,HLA-C*04:01,HLA-C*06:02,HLA-B*15:01,HLA-B*39:05,HLA-B*39:09,HLA-C*07:01,HLA-C*07:02","HLA-DRB3*01:01,HLA-DRB5*01:01",26,2,28
"Gc","KIEFAQDAHRMILLE",64,78,15,"IEFAQDAHRM, IEFAQDAHRMI, FAQDAHRM, FAQDAHRMI, FAQDAHRMIL, FAQDAHRMILL, AQDAHRMI, AQDAHRMIL, AQDAHRMILL, QDAHRMILL, DAHRMILL",11,"HLA-B*18:01,HLA-B*40:01,HLA-B*40:02,HLA-B*40:03,HLA-B*40:04,HLA-B*44:02,HLA-B*44:03,HLA-C*01:02,HLA-C*03:03,HLA-C*03:04,HLA-C*05:01,HLA-C*08:02,HLA-C*12:03,HLA-C*15:02,HLA-C*15:03,HLA-C*16:01,HLA-B*51:01,HLA-B*52:01,HLA-C*04:01,HLA-C*06:02,HLA-B*15:01,HLA-B*39:05,HLA-B*39:06,HLA-B*39:09,HLA-C*07:01,HLA-C*07:02,HLA-B*08:01","HLA-DRB3*01:01",27,1,28
"Gc","TLKTAFRGLTKVLIE",164,178,15,"TLKTAFRGL, TLKTAFRGLTK, KTAFRGLTK, KTAFRGLTKV, TAFRGLTKV, TAFRGLTKVL, AFRGLTKVL, FRGLTKVL, FRGLTKVLI",9,"HLA-A*02:03,HLA-B*08:01,HLA-A*03:01,HLA-A*11:01,HLA-A*30:01,HLA-A*31:01,HLA-A*68:01,HLA-C*15:03,HLA-A*02:01,HLA-A*02:04,HLA-A*02:06,HLA-A*02:11,HLA-A*02:22,HLA-A*68:02,HLA-B*51:01,HLA-B*52:01,HLA-C*03:03,HLA-C*03:04,HLA-C*06:02,HLA-C*12:03,HLA-C*15:02,HLA-C*16:01,HLA-C*07:02,HLA-C*07:01,HLA-B*39:06","HLA-DRB1*08:07,HLA-DRB1*11:01,HLA-DRB1*14:02",25,3,28
"Gc","TAFRGLTKVLIENYI",167,181,15,"TAFRGLTKV, TAFRGLTKVL, AFRGLTKVL, FRGLTKVL, FRGLTKVLI, RGLTKVLIENY, GLTKVLIENY, LTKVLIENY",8,"HLA-A*02:01,HLA-A*02:03,HLA-A*02:04,HLA-A*02:06,HLA-A*02:11,HLA-A*02:22,HLA-A*68:02,HLA-B*51:01,HLA-B*52:01,HLA-C*03:03,HLA-C*03:04,HLA-C*06:02,HLA-C*12:03,HLA-C*15:02,HLA-C*15:03,HLA-C*16:01,HLA-C*07:02,HLA-C*07:01,HLA-B*39:06,HLA-A*30:02,HLA-A*29:02,HLA-A*01:01,HLA-B*15:01,HLA-B*57:01,HLA-B*58:01","HLA-DRB1*08:07,HLA-DRB1*11:01,HLA-DRB1*14:02",25,3,28
"Gc","GFIQNTIPAISGLGV",479,493,15,"FIQNTIPAI, IQNTIPAI, NTIPAISGL, NTIPAISGLGV, TIPAISGL, TIPAISGLGV, IPAISGLGV",7,"HLA-A*02:01,HLA-A*02:03,HLA-A*02:04,HLA-A*02:06,HLA-A*02:11,HLA-A*02:17,HLA-A*02:22,HLA-A*68:02,HLA-B*51:01,HLA-B*52:01,HLA-C*01:02,HLA-C*03:03,HLA-C*03:04,HLA-C*05:01,HLA-C*08:02,HLA-C*12:03,HLA-C*15:02,HLA-C*15:03,HLA-A*26:01,HLA-C*06:02,HLA-C*16:01,HLA-B*07:02,HLA-B*35:01,HLA-B*35:05,HLA-B*35:11,HLA-B*35:12,HLA-B*53:01","HLA-DRB3*02:02",27,1,28
"Gc","LFDIVIFVKKAVYKA",504,518,15,"LFDIVIFV, IVIFVKKAV, VIFVKKAVY, VIFVKKAVYK, IFVKKAVYK, FVKKAVYKA",6,"HLA-C*04:01,HLA-A*68:02,HLA-A*29:02,HLA-A*30:02,HLA-A*32:01,HLA-B*15:01,HLA-C*12:03,HLA-C*16:01,HLA-A*03:01,HLA-A*11:01,HLA-A*68:01,HLA-A*30:01,HLA-A*31:01,HLA-A*02:03,HLA-A*02:04,HLA-A*02:06,HLA-A*02:22","HLA-DRB1*03:01,HLA-DRB1*08:02,HLA-DRB1*08:04,HLA-DRB1*08:07,HLA-DRB1*11:01,HLA-DRB1*12:01,HLA-DRB1*13:01,HLA-DRB1*13:02,HLA-DRB1*14:02,HLA-DRB1*15:01,HLA-DRB5*01:01",17,11,28
"Gn","NAEIILSSTKLNHFE",111,125,15,"NAEIILSSTK, AEIILSST, AEIILSSTK, AEIILSSTKL, EIILSSTKL, ILSSTKLNH, ILSSTKLNHF, LSSTKLNHF, SSTKLNHF",9,"HLA-A*68:01,HLA-B*40:02,HLA-B*40:04,HLA-B*40:03,HLA-B*40:01,HLA-B*44:02,HLA-B*44:03,HLA-A*26:01,HLA-A*68:02,HLA-A*03:01,HLA-A*32:01,HLA-B*15:01,HLA-B*57:01,HLA-B*58:01,HLA-C*12:03,HLA-C*15:02,HLA-C*15:03,HLA-C*16:01","HLA-DRB1*03:01,HLA-DRB1*04:03,HLA-DRB1*04:07,HLA-DRB1*04:11,HLA-DRB1*08:02,HLA-DRB1*08:04,HLA-DRB1*09:01,HLA-DRB1*11:01,HLA-DRB1*13:01,HLA-DRB3*02:02",18,10,28
"L","MTLPWIEEDTPELLT",187,201,15,"LPWIEEDTPEL, PWIEEDTPEL, PWIEEDTPELL, WIEEDTPEL, WIEEDTPELL, IEEDTPEL, IEEDTPELL, EEDTPELL",8,"HLA-B*07:02,HLA-B*35:01,HLA-B*35:05,HLA-B*35:12,HLA-B*51:01,HLA-B*53:01,HLA-A*24:02,HLA-A*02:01,HLA-A*02:04,HLA-A*02:06,HLA-A*02:11,HLA-A*02:17,HLA-A*02:22,HLA-C*01:02,HLA-C*03:03,HLA-C*03:04,HLA-C*04:01,HLA-C*05:01,HLA-C*08:02,HLA-B*18:01,HLA-B*40:01,HLA-B*40:02,HLA-B*40:04,HLA-B*39:05,HLA-B*40:03,HLA-B*44:02,HLA-B*44:03","HLA-DRB1*03:01",27,1,28
"L","HEKHHVLIDLAKTVL",753,767,15,"HEKHHVLI, HEKHHVLIDL, KHHVLIDLA, HHVLIDLA, HHVLIDLAKT, HHVLIDLAKTV, VLIDLAKTV, VLIDLAKTVL, LIDLAKTV, LIDLAKTVL, IDLAKTVL",11,"HLA-B*18:01,HLA-B*40:01,HLA-B*40:02,HLA-B*40:03,HLA-B*40:04,HLA-B*52:01,HLA-B*39:06,HLA-B*39:05,HLA-A*02:01,HLA-A*02:03,HLA-A*02:04,HLA-A*02:06,HLA-A*02:11,HLA-A*02:17,HLA-A*02:22,HLA-C*06:02,HLA-C*12:03,HLA-C*15:02,HLA-C*15:03,HLA-C*05:01,HLA-C*08:02,HLA-B*07:02,HLA-B*08:01,HLA-C*01:02,HLA-C*03:03,HLA-C*03:04,HLA-C*04:01","HLA-DRB3*01:01",27,1,28
"L","YISNTIKTLGNAIEN",1007,1021,15,"YISNTIKTL, ISNTIKTL, NTIKTLGNA, NTIKTLGNAI, TIKTLGNAI",5,"HLA-A*02:01,HLA-A*02:03,HLA-A*02:04,HLA-A*02:06,HLA-A*02:11,HLA-A*02:17,HLA-A*02:22,HLA-A*32:01,HLA-B*08:01,HLA-B*52:01,HLA-C*01:02,HLA-C*03:03,HLA-C*03:04,HLA-C*04:01,HLA-C*05:01,HLA-C*06:02,HLA-C*07:01,HLA-C*07:02,HLA-C*08:02,HLA-C*12:03,HLA-C*15:02,HLA-C*15:03,HLA-C*16:01,HLA-A*68:02","HLA-DRB1*04:04,HLA-DRB1*04:05,HLA-DRB1*04:11,HLA-DRB1*07:01",24,4,28
"L","KTFVESYVQIVDDLS",1534,1548,15,"KTFVESYV, KTFVESYVQI, TFVESYVQI, FVESYVQI, FVESYVQIV, VESYVQIV, VESYVQIVDDL, SYVQIVDDL",8,"HLA-C*15:03,HLA-A*32:01,HLA-B*57:01,HLA-C*15:02,HLA-A*23:01,HLA-A*24:02,HLA-C*04:01,HLA-C*06:02,HLA-C*07:02,HLA-C*05:01,HLA-A*02:01,HLA-A*02:03,HLA-A*02:04,HLA-A*02:06,HLA-A*02:11,HLA-A*02:17,HLA-A*02:22,HLA-A*68:02,HLA-C*03:03,HLA-C*03:04,HLA-C*08:02,HLA-C*12:03,HLA-B*40:02,HLA-B*40:03,HLA-B*40:04,HLA-B*52:01","HLA-DRB1*07:01,HLA-DRB1*09:01",26,2,28
"L","HFADTFLASESRIQF",1760,1774,15,"DTFLASESR, DTFLASESRI, TFLASESRI, TFLASESRIQF, FLASESRIQF, LASESRIQF, ASESRIQF",7,"HLA-A*33:01,HLA-A*68:01,HLA-A*68:02,HLA-A*24:02,HLA-A*23:01,HLA-A*02:04,HLA-B*15:01,HLA-C*12:03,HLA-C*16:01,HLA-A*32:01,HLA-B*35:01,HLA-B*35:05,HLA-B*35:11,HLA-B*35:43,HLA-B*53:01,HLA-B*57:01,HLA-B*58:01,HLA-C*01:02,HLA-C*03:03,HLA-C*03:04,HLA-C*05:01,HLA-C*06:02,HLA-C*07:01,HLA-C*07:02,HLA-C*08:02,HLA-C*15:02,HLA-C*15:03","HLA-DRB1*09:01",27,1,28
"N","WMREEIVAVRAAFEA",191,205,15,"WMREEIVAV, WMREEIVAVR, MREEIVAV, MREEIVAVRA, REEIVAVRA, REEIVAVRAA, REEIVAVRAAF, EEIVAVRA, EEIVAVRAA, EEIVAVRAAF, EIVAVRAAF, IVAVRAAF",12,"HLA-A*02:01,HLA-A*02:03,HLA-A*02:04,HLA-A*02:06,HLA-A*02:11,HLA-A*02:17,HLA-A*02:22,HLA-B*08:01,HLA-B*52:01,HLA-C*12:03,HLA-A*33:01,HLA-B*39:06,HLA-B*40:01,HLA-B*40:02,HLA-B*40:03,HLA-B*40:04,HLA-B*44:02,HLA-B*44:03,HLA-B*18:01,HLA-A*26:01,HLA-B*15:01,HLA-B*35:01,HLA-B*35:05,HLA-B*35:11,HLA-C*16:01","HLA-DRB1*04:03,HLA-DRB1*04:05,HLA-DRB1*04:11",25,3,28
"Gc","KKYFEPDTVNDQFNK",50,64,15,"KKYFEPDTV, YFEPDTVNDQF, FEPDTVNDQF, EPDTVNDQF, DTVNDQFNK",5,"HLA-B*52:01,HLA-A*23:01,HLA-A*24:02,HLA-A*29:02,HLA-C*04:01,HLA-C*05:01,HLA-C*07:02,HLA-B*18:01,HLA-B*40:01,HLA-B*40:02,HLA-B*40:03,HLA-B*40:04,HLA-B*44:02,HLA-B*44:03,HLA-C*08:02,HLA-B*35:01,HLA-B*35:05,HLA-B*35:11,HLA-B*53:01,HLA-A*11:01,HLA-A*68:01","HLA-DRB1*03:01,HLA-DRB1*04:01,HLA-DRB1*04:04,HLA-DRB1*04:05,HLA-DRB1*04:07,HLA-DRB3*01:01",21,6,27
"Gc","LPHVVPRYHSIDVQG",455,469,15,"LPHVVPRY, LPHVVPRYH, HVVPRYHSI, VVPRYHSI, VPRYHSIDV",5,"HLA-B*35:01,HLA-B*35:05,HLA-B*35:11,HLA-B*53:01,HLA-A*02:01,HLA-A*02:03,HLA-A*02:04,HLA-A*02:06,HLA-A*02:11,HLA-A*02:22,HLA-A*26:01,HLA-A*32:01,HLA-A*68:02,HLA-B*07:02,HLA-B*08:01,HLA-B*51:01,HLA-B*52:01,HLA-C*01:02,HLA-C*03:03,HLA-C*03:04,HLA-C*06:02,HLA-C*07:02,HLA-C*12:03,HLA-C*15:02,HLA-C*15:03,HLA-C*16:01","HLA-DRB1*15:01",26,1,27
"Gn","KSKSWSFTAAILTGL",294,308,15,"KSKSWSFTA, SKSWSFTAA, KSWSFTAAI, KSWSFTAAIL, SWSFTAAIL, FTAAILTGL, TAAILTGL",7,"HLA-A*30:01,HLA-B*39:06,HLA-A*02:04,HLA-A*02:06,HLA-A*02:11,HLA-A*02:17,HLA-A*32:01,HLA-B*52:01,HLA-B*57:01,HLA-B*58:01,HLA-C*03:03,HLA-C*03:04,HLA-C*12:03,HLA-C*15:02,HLA-C*15:03,HLA-C*16:01,HLA-A*24:02,HLA-A*02:01,HLA-A*02:03,HLA-A*02:22,HLA-A*26:01,HLA-A*68:02,HLA-C*01:02,HLA-C*05:01,HLA-C*06:02","HLA-DRB1*01:01,HLA-DRB1*07:01",25,2,27
"Gn","SKSWSFTAAILTGLI",295,309,15,"SKSWSFTAA, KSWSFTAAI, KSWSFTAAIL, SWSFTAAIL, FTAAILTGL, FTAAILTGLI, TAAILTGL, TAAILTGLI, AAILTGLI",9,"HLA-B*39:06,HLA-A*02:04,HLA-A*02:06,HLA-A*02:11,HLA-A*02:17,HLA-A*30:01,HLA-A*32:01,HLA-B*52:01,HLA-B*57:01,HLA-B*58:01,HLA-C*03:03,HLA-C*03:04,HLA-C*12:03,HLA-C*15:02,HLA-C*15:03,HLA-C*16:01,HLA-A*24:02,HLA-A*02:01,HLA-A*02:03,HLA-A*02:22,HLA-A*26:01,HLA-A*68:02,HLA-C*01:02,HLA-C*05:01,HLA-C*06:02,HLA-B*51:01","HLA-DRB1*07:01",26,1,27
"L","PDNYLLHDGKMYIID",76,90,15,"NYLLHDGKM, NYLLHDGKMY, NYLLHDGKMYI, YLLHDGKMY, YLLHDGKMYI, YLLHDGKMYII, LLHDGKMYI, LLHDGKMYII, LHDGKMYII",9,"HLA-A*24:02,HLA-C*07:02,HLA-A*29:02,HLA-A*23:01,HLA-A*30:02,HLA-B*15:01,HLA-A*02:01,HLA-A*02:03,HLA-A*02:04,HLA-A*02:06,HLA-A*02:11,HLA-A*02:17,HLA-A*02:22,HLA-A*32:01,HLA-B*52:01,HLA-C*01:02,HLA-C*05:01,HLA-C*06:02,HLA-C*12:03,HLA-C*15:02,HLA-C*15:03,HLA-B*39:05,HLA-B*39:06,HLA-B*39:09,HLA-C*04:01","HLA-DRB1*03:01,HLA-DRB3*01:01",25,2,27
"L","DNYLLHDGKMYIIDF",77,91,15,"NYLLHDGKM, NYLLHDGKMY, NYLLHDGKMYI, YLLHDGKMY, YLLHDGKMYI, YLLHDGKMYII, LLHDGKMYI, LLHDGKMYII, LHDGKMYII",9,"HLA-A*24:02,HLA-C*07:02,HLA-A*29:02,HLA-A*23:01,HLA-A*30:02,HLA-B*15:01,HLA-A*02:01,HLA-A*02:03,HLA-A*02:04,HLA-A*02:06,HLA-A*02:11,HLA-A*02:17,HLA-A*02:22,HLA-A*32:01,HLA-B*52:01,HLA-C*01:02,HLA-C*05:01,HLA-C*06:02,HLA-C*12:03,HLA-C*15:02,HLA-C*15:03,HLA-B*39:05,HLA-B*39:06,HLA-B*39:09,HLA-C*04:01","HLA-DRB1*03:01,HLA-DRB3*01:01",25,2,27
"L","MYIIDFKVSVDDRSS",86,100,15,"YIIDFKVSV, IIDFKVSV, DFKVSVDDR",3,"HLA-A*02:01,HLA-A*02:03,HLA-A*02:04,HLA-A*02:06,HLA-A*02:11,HLA-A*02:17,HLA-A*02:22,HLA-A*68:02,HLA-B*52:01,HLA-C*01:02,HLA-C*03:03,HLA-C*03:04,HLA-C*05:01,HLA-C*06:02,HLA-C*07:02,HLA-C*08:02,HLA-C*12:03,HLA-C*15:02,HLA-C*15:03,HLA-C*16:01,HLA-C*04:01,HLA-A*33:01","HLA-DRB1*04:01,HLA-DRB1*04:05,HLA-DRB1*04:07,HLA-DRB1*04:11,HLA-DRB3*01:01",22,5,27
"L","QALFKEALEFKSFGA",217,231,15,"QALFKEAL, ALFKEALEF, ALFKEALEFK, LFKEALEF, LFKEALEFK, KEALEFKSF, LEFKSFGA",7,"HLA-B*08:01,HLA-C*16:01,HLA-A*02:04,HLA-A*23:01,HLA-A*24:02,HLA-A*29:02,HLA-A*30:02,HLA-A*32:01,HLA-B*15:01,HLA-B*15:04,HLA-B*52:01,HLA-C*03:03,HLA-C*03:04,HLA-C*07:01,HLA-C*07:02,HLA-A*03:01,HLA-A*11:01,HLA-A*30:01,HLA-A*31:01,HLA-B*18:01,HLA-B*40:01,HLA-B*40:02,HLA-B*40:03,HLA-B*40:04,HLA-B*44:02,HLA-B*44:03","HLA-DRB1*09:01",26,1,27
"L","KLSKSLQAMSGTGSY",323,337,15,"KLSKSLQAM, LSKSLQAM, SLQAMSGTGSY, LQAMSGTGSY, QAMSGTGSY, AMSGTGSY",6,"HLA-A*02:01,HLA-A*02:03,HLA-A*02:04,HLA-A*02:06,HLA-A*02:11,HLA-A*02:17,HLA-A*02:22,HLA-A*32:01,HLA-B*15:01,HLA-C*01:02,HLA-C*12:03,HLA-C*16:01,HLA-A*01:01,HLA-A*29:02,HLA-A*30:02,HLA-B*15:04,HLA-A*26:01,HLA-A*68:01,HLA-B*35:01,HLA-B*35:05,HLA-B*35:11,HLA-B*35:43,HLA-B*53:01,HLA-C*03:03,HLA-C*03:04,HLA-C*07:01","HLA-DRB1*01:01",26,1,27
"L","LTEPSRYMIMNSLAV",644,658,15,"LTEPSRYM, LTEPSRYMI, TEPSRYMIM, SRYMIMNSL, SRYMIMNSLA, RYMIMNSL, YMIMNSLAV",7,"HLA-C*05:01,HLA-C*15:03,HLA-C*16:01,HLA-C*15:02,HLA-B*18:01,HLA-B*40:02,HLA-B*40:03,HLA-B*40:04,HLA-B*39:05,HLA-B*39:06,HLA-B*39:09,HLA-C*06:02,HLA-C*07:01,HLA-C*07:02,HLA-A*02:01,HLA-A*02:03,HLA-A*02:04,HLA-A*02:06,HLA-A*02:11,HLA-A*02:17,HLA-A*02:22,HLA-B*08:01,HLA-C*01:02,HLA-C*03:03,HLA-C*03:04,HLA-C*12:03","HLA-DRB1*16:02",26,1,27
"L","PSRYMIMNSLAVSSH",647,661,15,"SRYMIMNSL, SRYMIMNSLA, RYMIMNSL, YMIMNSLAV",4,"HLA-B*39:05,HLA-B*39:06,HLA-B*39:09,HLA-C*06:02,HLA-C*07:01,HLA-C*07:02,HLA-A*02:01,HLA-A*02:03,HLA-A*02:04,HLA-A*02:06,HLA-A*02:11,HLA-A*02:17,HLA-A*02:22,HLA-B*08:01,HLA-C*01:02,HLA-C*03:03,HLA-C*03:04,HLA-C*12:03","HLA-DRB1*01:01,HLA-DRB1*04:01,HLA-DRB1*04:05,HLA-DRB1*07:01,HLA-DRB1*08:07,HLA-DRB1*14:02,HLA-DRB1*16:02,HLA-DRB3*02:02,HLA-DRB5*01:01",18,9,27
"L","NNFNRSITTISTFTS",821,835,15,"NFNRSITTI, FNRSITTI, NRSITTIST, NRSITTISTF, RSITTISTF",5,"HLA-A*23:01,HLA-A*24:02,HLA-C*04:01,HLA-C*06:02,HLA-C*07:02,HLA-B*52:01,HLA-B*39:06,HLA-C*07:01,HLA-A*30:02,HLA-A*32:01,HLA-B*15:01,HLA-B*15:04,HLA-B*35:01,HLA-B*35:05,HLA-B*35:11,HLA-B*53:01,HLA-B*57:01,HLA-B*58:01,HLA-C*01:02,HLA-C*03:03,HLA-C*03:04,HLA-C*12:03,HLA-C*15:02,HLA-C*15:03,HLA-C*16:01","HLA-DRB1*04:01,HLA-DRB1*04:07",25,2,27
"L","NFNRSITTISTFTSS",822,836,15,"NFNRSITTI, FNRSITTI, NRSITTIST, NRSITTISTF, RSITTISTF",5,"HLA-A*23:01,HLA-A*24:02,HLA-C*04:01,HLA-C*06:02,HLA-C*07:02,HLA-B*52:01,HLA-B*39:06,HLA-C*07:01,HLA-A*30:02,HLA-A*32:01,HLA-B*15:01,HLA-B*15:04,HLA-B*35:01,HLA-B*35:05,HLA-B*35:11,HLA-B*53:01,HLA-B*57:01,HLA-B*58:01,HLA-C*01:02,HLA-C*03:03,HLA-C*03:04,HLA-C*12:03,HLA-C*15:02,HLA-C*15:03,HLA-C*16:01","HLA-DRB1*04:03,HLA-DRB1*04:04",25,2,27
"L","RYISNTIKTLGNAIE",1006,1020,15,"RYISNTIKTL, YISNTIKTL, ISNTIKTL, NTIKTLGNA, NTIKTLGNAI, TIKTLGNAI",6,"HLA-A*23:01,HLA-A*24:02,HLA-C*07:01,HLA-C*07:02,HLA-A*02:01,HLA-A*02:03,HLA-A*02:04,HLA-A*02:06,HLA-A*02:11,HLA-A*02:17,HLA-A*02:22,HLA-A*32:01,HLA-B*08:01,HLA-B*52:01,HLA-C*01:02,HLA-C*03:03,HLA-C*03:04,HLA-C*04:01,HLA-C*05:01,HLA-C*06:02,HLA-C*08:02,HLA-C*12:03,HLA-C*15:02,HLA-C*15:03,HLA-C*16:01,HLA-A*68:02","HLA-DRB1*04:05",26,1,27
"L","TFVESYVQIVDDLSN",1535,1549,15,"TFVESYVQI, FVESYVQI, FVESYVQIV, VESYVQIV, VESYVQIVDDL, SYVQIVDDL",6,"HLA-A*23:01,HLA-A*24:02,HLA-C*04:01,HLA-C*06:02,HLA-C*07:02,HLA-C*05:01,HLA-A*02:01,HLA-A*02:03,HLA-A*02:04,HLA-A*02:06,HLA-A*02:11,HLA-A*02:17,HLA-A*02:22,HLA-A*68:02,HLA-C*03:03,HLA-C*03:04,HLA-C*08:02,HLA-C*12:03,HLA-C*15:02,HLA-C*15:03,HLA-B*40:02,HLA-B*40:03,HLA-B*40:04,HLA-B*52:01","HLA-DRB1*04:01,HLA-DRB1*04:05,HLA-DRB1*04:07",24,3,27
"L","SYVQIVDDLSNLTLD",1539,1553,15,"SYVQIVDDL, VQIVDDLSNL, QIVDDLSNL, QIVDDLSNLTL, IVDDLSNL, IVDDLSNLT, IVDDLSNLTL, VDDLSNLTL",8,"HLA-A*23:01,HLA-A*24:02,HLA-C*04:01,HLA-C*07:02,HLA-A*02:06,HLA-A*02:22,HLA-A*02:01,HLA-A*02:03,HLA-A*02:04,HLA-A*02:11,HLA-A*02:17,HLA-A*26:01,HLA-A*68:02,HLA-C*03:03,HLA-C*03:04,HLA-C*05:01,HLA-C*01:02,HLA-C*08:02,HLA-A*01:01,HLA-C*15:02,HLA-C*15:03,HLA-B*40:01,HLA-B*40:02,HLA-B*40:04","HLA-DRB1*03:01,HLA-DRB1*04:01,HLA-DRB3*01:01",24,3,27
"L","EYAITRRAHFQKMPF",1994,2008,15,"EYAITRRAHF, YAITRRAHF, AITRRAHFQK, ITRRAHFQK, TRRAHFQKM, RRAHFQKM, RRAHFQKMPF, RAHFQKMPF",8,"HLA-A*23:01,HLA-A*24:02,HLA-B*08:01,HLA-B*15:01,HLA-B*35:01,HLA-B*35:05,HLA-B*35:11,HLA-B*35:43,HLA-B*53:01,HLA-B*57:01,HLA-C*01:02,HLA-C*03:03,HLA-C*03:04,HLA-C*06:02,HLA-C*07:01,HLA-C*07:02,HLA-C*12:03,HLA-C*15:02,HLA-C*15:03,HLA-C*16:01,HLA-A*03:01,HLA-A*11:01,HLA-A*30:01,HLA-A*31:01,HLA-A*32:01,HLA-B*07:02","HLA-DRB1*13:01",26,1,27
"L","PSKFLKDPINRTINW",2175,2189,15,"KFLKDPINR, KFLKDPINRTI, FLKDPINRT, FLKDPINRTI, LKDPINRTI, LKDPINRTINW, KDPINRTINW, DPINRTINW",8,"HLA-A*30:01,HLA-A*31:01,HLA-A*33:01,HLA-A*23:01,HLA-A*24:02,HLA-A*02:01,HLA-A*02:03,HLA-A*02:04,HLA-A*02:11,HLA-A*02:22,HLA-A*02:06,HLA-A*02:17,HLA-C*01:02,HLA-C*05:01,HLA-C*06:02,HLA-B*52:01,HLA-C*04:01,HLA-C*07:02,HLA-C*08:02,HLA-C*15:03,HLA-B*57:01,HLA-B*35:01,HLA-B*53:01","HLA-DRB1*03:01,HLA-DRB1*04:01,HLA-DRB3*01:01,HLA-DRB3*02:02",23,4,27
"NSm","CKFSPRVNHFRNIKA",116,130,15,"KFSPRVNHF, KFSPRVNHFR, FSPRVNHF, FSPRVNHFR, SPRVNHFRNI, RVNHFRNIK, NHFRNIKA",7,"HLA-A*23:01,HLA-A*24:02,HLA-A*29:02,HLA-A*30:02,HLA-A*32:01,HLA-B*57:01,HLA-C*01:02,HLA-C*04:01,HLA-C*06:02,HLA-C*07:01,HLA-C*07:02,HLA-C*12:03,HLA-C*16:01,HLA-A*31:01,HLA-A*33:01,HLA-C*03:03,HLA-C*03:04,HLA-C*15:02,HLA-C*15:03,HLA-A*68:01,HLA-B*07:02,HLA-A*03:01,HLA-A*11:01,HLA-A*30:01,HLA-B*39:06","HLA-DRB1*13:02,HLA-DRB1*15:01",25,2,27
"Gc","FDIVIFVKKAVYKAQ",505,519,15,"IVIFVKKAV, VIFVKKAVY, VIFVKKAVYK, IFVKKAVYK, FVKKAVYKA",5,"HLA-A*68:02,HLA-A*29:02,HLA-A*30:02,HLA-A*32:01,HLA-B*15:01,HLA-C*12:03,HLA-C*16:01,HLA-A*03:01,HLA-A*11:01,HLA-A*68:01,HLA-A*30:01,HLA-A*31:01,HLA-A*02:03,HLA-A*02:04,HLA-A*02:06,HLA-A*02:22","HLA-DRB1*03:01,HLA-DRB1*08:02,HLA-DRB1*08:04,HLA-DRB1*08:07,HLA-DRB1*11:01,HLA-DRB1*12:01,HLA-DRB1*13:01,HLA-DRB1*13:02,HLA-DRB1*14:02,HLA-DRB5*01:01",16,10,26
"L","TPDNYLLHDGKMYII",75,89,15,"NYLLHDGKM, NYLLHDGKMY, NYLLHDGKMYI, YLLHDGKMY, YLLHDGKMYI, YLLHDGKMYII, LLHDGKMYI, LLHDGKMYII, LHDGKMYII",9,"HLA-A*24:02,HLA-C*07:02,HLA-A*29:02,HLA-A*23:01,HLA-A*30:02,HLA-B*15:01,HLA-A*02:01,HLA-A*02:03,HLA-A*02:04,HLA-A*02:06,HLA-A*02:11,HLA-A*02:17,HLA-A*02:22,HLA-A*32:01,HLA-B*52:01,HLA-C*01:02,HLA-C*05:01,HLA-C*06:02,HLA-C*12:03,HLA-C*15:02,HLA-C*15:03,HLA-B*39:05,HLA-B*39:06,HLA-B*39:09,HLA-C*04:01","HLA-DRB1*03:01",25,1,26
"L","NYLLHDGKMYIIDFK",78,92,15,"NYLLHDGKM, NYLLHDGKMY, NYLLHDGKMYI, YLLHDGKMY, YLLHDGKMYI, YLLHDGKMYII, LLHDGKMYI, LLHDGKMYII, LHDGKMYII",9,"HLA-A*24:02,HLA-C*07:02,HLA-A*29:02,HLA-A*23:01,HLA-A*30:02,HLA-B*15:01,HLA-A*02:01,HLA-A*02:03,HLA-A*02:04,HLA-A*02:06,HLA-A*02:11,HLA-A*02:17,HLA-A*02:22,HLA-A*32:01,HLA-B*52:01,HLA-C*01:02,HLA-C*05:01,HLA-C*06:02,HLA-C*12:03,HLA-C*15:02,HLA-C*15:03,HLA-B*39:05,HLA-B*39:06,HLA-B*39:09,HLA-C*04:01","HLA-DRB1*03:01",25,1,26
"L","LHDGKMYIIDFKVSV",81,95,15,"LHDGKMYII, KMYIIDFKV, YIIDFKVSV, IIDFKVSV",4,"HLA-B*39:05,HLA-B*39:06,HLA-B*39:09,HLA-C*04:01,HLA-A*02:01,HLA-A*02:03,HLA-A*02:04,HLA-A*02:06,HLA-A*02:11,HLA-A*02:17,HLA-A*02:22,HLA-A*32:01,HLA-B*52:01,HLA-A*68:02,HLA-C*01:02,HLA-C*03:03,HLA-C*03:04,HLA-C*05:01,HLA-C*06:02,HLA-C*07:02,HLA-C*08:02,HLA-C*12:03,HLA-C*15:02,HLA-C*15:03,HLA-C*16:01","HLA-DRB3*01:01",25,1,26
"L","PWIEEDTPELLTHPI",190,204,15,"PWIEEDTPEL, PWIEEDTPELL, WIEEDTPEL, WIEEDTPELL, IEEDTPEL, IEEDTPELL, EEDTPELL, EEDTPELLTH, DTPELLTHPI, TPELLTHPI",10,"HLA-A*24:02,HLA-A*02:01,HLA-A*02:04,HLA-A*02:06,HLA-A*02:11,HLA-A*02:17,HLA-A*02:22,HLA-C*01:02,HLA-C*03:03,HLA-C*03:04,HLA-C*04:01,HLA-C*05:01,HLA-C*08:02,HLA-B*18:01,HLA-B*40:01,HLA-B*40:02,HLA-B*40:04,HLA-B*39:05,HLA-B*40:03,HLA-B*44:02,HLA-B*44:03,HLA-A*68:02,HLA-B*07:02,HLA-B*35:01,HLA-B*53:01","HLA-DRB1*03:01",25,1,26
"L","NIQKLIKLSKSLQAM",317,331,15,"NIQKLIKLSK, IQKLIKLSK, KLIKLSKSL, LIKLSKSL, IKLSKSLQA, KLSKSLQAM, LSKSLQAM",7,"HLA-A*03:01,HLA-A*11:01,HLA-A*30:01,HLA-A*31:01,HLA-A*02:01,HLA-A*02:03,HLA-A*02:04,HLA-A*02:06,HLA-A*02:11,HLA-A*02:17,HLA-A*02:22,HLA-A*32:01,HLA-B*08:01,HLA-B*15:01,HLA-C*01:02,HLA-C*15:03,HLA-B*39:06,HLA-C*12:03,HLA-C*16:01","HLA-DRB1*04:03,HLA-DRB1*04:07,HLA-DRB1*04:11,HLA-DRB1*08:02,HLA-DRB1*08:04,HLA-DRB1*08:07,HLA-DRB1*11:01",19,7,26
"L","LSKSLQAMSGTGSYV",324,338,15,"LSKSLQAM, SLQAMSGTGSY, LQAMSGTGSY, QAMSGTGSY, QAMSGTGSYV, AMSGTGSY, AMSGTGSYV",7,"HLA-C*12:03,HLA-C*16:01,HLA-A*01:01,HLA-A*29:02,HLA-A*30:02,HLA-B*15:01,HLA-B*15:04,HLA-A*26:01,HLA-A*68:01,HLA-B*35:01,HLA-B*35:05,HLA-B*35:11,HLA-B*35:43,HLA-B*53:01,HLA-C*03:03,HLA-C*03:04,HLA-C*07:01,HLA-A*68:02,HLA-A*02:01,HLA-A*02:03,HLA-A*02:04,HLA-A*02:06,HLA-A*02:11,HLA-A*02:17,HLA-A*02:22","HLA-DRB1*01:01",25,1,26
"L","GYISISKAFRLDKER",582,596,15,"GYISISKAF, GYISISKAFR, GYISISKAFRL, YISISKAF, YISISKAFR, YISISKAFRL, ISISKAFRL, SISKAFRLDK, ISKAFRLDK, KAFRLDKER",10,"HLA-A*23:01,HLA-A*24:02,HLA-C*07:02,HLA-A*31:01,HLA-A*33:01,HLA-C*16:01,HLA-A*68:01,HLA-A*02:04,HLA-A*32:01,HLA-B*57:01,HLA-B*58:01,HLA-C*01:02,HLA-C*03:03,HLA-C*03:04,HLA-C*12:03,HLA-C*15:02,HLA-C*15:03,HLA-A*03:01,HLA-A*11:01,HLA-A*30:01","HLA-DRB1*07:01,HLA-DRB1*09:01,HLA-DRB1*13:01,HLA-DRB1*13:02,HLA-DRB1*15:01,HLA-DRB3*02:02",20,6,26
"L","EPSRYMIMNSLAVSS",646,660,15,"SRYMIMNSL, SRYMIMNSLA, RYMIMNSL, YMIMNSLAV",4,"HLA-B*39:05,HLA-B*39:06,HLA-B*39:09,HLA-C*06:02,HLA-C*07:01,HLA-C*07:02,HLA-A*02:01,HLA-A*02:03,HLA-A*02:04,HLA-A*02:06,HLA-A*02:11,HLA-A*02:17,HLA-A*02:22,HLA-B*08:01,HLA-C*01:02,HLA-C*03:03,HLA-C*03:04,HLA-C*12:03","HLA-DRB1*01:01,HLA-DRB1*04:01,HLA-DRB1*04:05,HLA-DRB1*07:01,HLA-DRB1*08:07,HLA-DRB1*14:02,HLA-DRB1*16:02,HLA-DRB5*01:01",18,8,26
"L","KSIWFPGKVNLKEYL",724,738,15,"KSIWFPGKV, KSIWFPGKVNL, SIWFPGKVNLK, IWFPGKVNL, IWFPGKVNLK, FPGKVNLKEY, FPGKVNLKEYL",7,"HLA-B*52:01,HLA-C*12:03,HLA-C*15:02,HLA-C*15:03,HLA-A*32:01,HLA-B*57:01,HLA-A*03:01,HLA-A*11:01,HLA-A*68:01,HLA-A*23:01,HLA-A*24:02,HLA-C*01:02,HLA-C*03:03,HLA-C*04:01,HLA-C*06:02,HLA-C*07:01,HLA-C*07:02,HLA-A*30:01,HLA-A*31:01,HLA-B*35:01,HLA-B*35:05,HLA-B*35:11,HLA-B*35:43,HLA-B*53:01,HLA-B*07:02","HLA-DRB5*01:01",25,1,26
"L","EKHHVLIDLAKTVLE",754,768,15,"KHHVLIDLA, HHVLIDLA, HHVLIDLAKT, HHVLIDLAKTV, VLIDLAKTV, VLIDLAKTVL, LIDLAKTV, LIDLAKTVL, IDLAKTVL",9,"HLA-B*39:06,HLA-B*39:05,HLA-A*02:01,HLA-A*02:03,HLA-A*02:04,HLA-A*02:06,HLA-A*02:11,HLA-A*02:17,HLA-A*02:22,HLA-B*52:01,HLA-C*06:02,HLA-C*12:03,HLA-C*15:02,HLA-C*15:03,HLA-C*05:01,HLA-C*08:02,HLA-B*07:02,HLA-B*08:01,HLA-C*01:02,HLA-C*03:03,HLA-C*03:04,HLA-C*04:01,HLA-B*40:02","HLA-DRB1*03:01,HLA-DRB3*01:01,HLA-DRB3*02:02",23,3,26
"L","SIHDKIFGLQDMPGI",1510,1524,15,"SIHDKIFGL, IHDKIFGL, KIFGLQDMPGI",3,"HLA-A*02:01,HLA-A*02:03,HLA-A*02:04,HLA-A*02:06,HLA-A*02:11,HLA-A*02:17,HLA-A*02:22,HLA-A*32:01,HLA-A*68:02,HLA-B*08:01,HLA-C*01:02,HLA-C*03:03,HLA-C*03:04,HLA-C*05:01,HLA-C*06:02,HLA-C*07:01,HLA-C*07:02,HLA-C*12:03,HLA-C*15:02,HLA-C*15:03,HLA-C*16:01,HLA-B*39:05,HLA-B*39:06,HLA-B*39:09,HLA-C*04:01","HLA-DRB1*04:04",25,1,26
"L","DFKFEIKELTRFYQV",1667,1681,15,"DFKFEIKEL, DFKFEIKELTR, FKFEIKEL, KFEIKELTR, KFEIKELTRF, FEIKELTRF, FEIKELTRFY, EIKELTRFY, KELTRFYQV",9,"HLA-B*08:01,HLA-A*33:01,HLA-B*52:01,HLA-C*06:02,HLA-C*07:02,HLA-A*31:01,HLA-A*23:01,HLA-A*24:02,HLA-B*15:01,HLA-B*18:01,HLA-B*40:01,HLA-B*40:02,HLA-B*40:03,HLA-B*40:04,HLA-B*44:02,HLA-B*44:03,HLA-A*29:02,HLA-A*26:01,HLA-A*30:02,HLA-A*68:01,HLA-C*12:03,HLA-A*02:06","HLA-DRB1*08:04,HLA-DRB1*08:07,HLA-DRB1*11:01,HLA-DRB1*13:01",22,4,26
"L","THSLSRIQVNVDEYA",1982,1996,15,"THSLSRIQV, HSLSRIQV, HSLSRIQVNV, SLSRIQVNV, SRIQVNVDEY, RIQVNVDEY, IQVNVDEY",7,"HLA-B*39:05,HLA-B*39:06,HLA-B*39:09,HLA-C*16:01,HLA-A*68:02,HLA-A*02:01,HLA-A*02:03,HLA-A*02:04,HLA-A*02:06,HLA-A*02:11,HLA-A*02:17,HLA-A*02:22,HLA-C*15:02,HLA-C*15:03,HLA-B*40:03,HLA-C*06:02,HLA-C*07:01,HLA-C*07:02,HLA-A*29:02,HLA-A*30:02,HLA-B*15:01","HLA-DRB1*04:03,HLA-DRB1*04:04,HLA-DRB1*04:05,HLA-DRB1*04:07,HLA-DRB1*04:11",21,5,26
"N","MREEIVAVRAAFEAV",192,206,15,"MREEIVAV, MREEIVAVRA, REEIVAVRA, REEIVAVRAA, REEIVAVRAAF, EEIVAVRA, EEIVAVRAA, EEIVAVRAAF, EIVAVRAAF, IVAVRAAF, AVRAAFEAV, VRAAFEAV",12,"HLA-B*39:06,HLA-B*40:01,HLA-B*40:02,HLA-B*40:03,HLA-B*40:04,HLA-B*44:02,HLA-B*44:03,HLA-B*18:01,HLA-A*26:01,HLA-B*15:01,HLA-B*35:01,HLA-B*35:05,HLA-B*35:11,HLA-C*16:01,HLA-A*02:03,HLA-A*02:06,HLA-A*30:01,HLA-A*68:02,HLA-B*07:02","HLA-DRB1*04:03,HLA-DRB1*04:04,HLA-DRB1*04:05,HLA-DRB1*04:07,HLA-DRB1*04:11,HLA-DRB1*08:04,HLA-DRB1*08:07",19,7,26
"NSm","FSPRVNHFRNIKALL",118,132,15,"FSPRVNHF, FSPRVNHFR, SPRVNHFRNI, RVNHFRNIK, NHFRNIKA, NHFRNIKAL, NHFRNIKALL, HFRNIKAL, HFRNIKALL, FRNIKALL",10,"HLA-C*01:02,HLA-C*03:03,HLA-C*03:04,HLA-C*06:02,HLA-C*07:02,HLA-C*12:03,HLA-C*15:02,HLA-C*15:03,HLA-C*16:01,HLA-A*31:01,HLA-A*33:01,HLA-A*68:01,HLA-B*07:02,HLA-A*03:01,HLA-A*11:01,HLA-A*30:01,HLA-B*39:06,HLA-B*39:05,HLA-B*39:09,HLA-C*07:01,HLA-B*08:01,HLA-A*23:01,HLA-A*24:02","HLA-DRB1*04:04,HLA-DRB1*15:01,HLA-DRB1*16:02",23,3,26
